t=,0, id=,B00, JADE,actvstrat=,-0.248376, actvprof=,0.000000, id=,B01, JADE,actvstrat=,0.942168, actvprof=,0.000000, id=,B02, JADE,actvstrat=,-0.316745, actvprof=,0.000000, id=,B03, JADE,actvstrat=,0.722640, actvprof=,0.000000, id=,B04, JADE,actvstrat=,-0.646985, actvprof=,0.000000, id=,B05, JADE,actvstrat=,0.101984, actvprof=,0.000000, id=,B06, PRDE,actvstrat=,0.444582, actvprof=,0.000000, id=,B07, PRDE,actvstrat=,-0.748178, actvprof=,0.000000, id=,B08, PRDE,actvstrat=,-0.715645, actvprof=,0.000000, id=,B09, JADE,actvstrat=,0.957271, actvprof=,0.000000, id=,B10, JADE,actvstrat=,0.588039, actvprof=,0.000000, id=,B11, PRDE,actvstrat=,0.934003, actvprof=,0.000000, id=,B12, PRDE,actvstrat=,0.527565, actvprof=,0.000000, id=,B13, PRDE,actvstrat=,0.456441, actvprof=,0.000000, id=,B14, JADE,actvstrat=,0.381455, actvprof=,0.000000, id=,B15, PRDE,actvstrat=,-0.267053, actvprof=,0.000000, id=,B16, PRDE,actvstrat=,-0.739475, actvprof=,0.000000, id=,B17, JADE,actvstrat=,-0.784738, actvprof=,0.000000, id=,B18, JADE,actvstrat=,-0.172349, actvprof=,0.000000, id=,B19, PRDE,actvstrat=,0.499752, actvprof=,0.000000, id=,B20, PRDE,actvstrat=,0.656241, actvprof=,0.000000, id=,B21, PRDE,actvstrat=,-0.729505, actvprof=,0.000000, id=,B22, PRDE,actvstrat=,-0.207485, actvprof=,0.000000, id=,B23, JADE,actvstrat=,0.551472, actvprof=,0.000000, id=,B24, JADE,actvstrat=,0.168050, actvprof=,0.000000, id=,B25, JADE,actvstrat=,0.285148, actvprof=,0.000000, id=,B26, JADE,actvstrat=,0.458858, actvprof=,0.000000, id=,B27, PRDE,actvstrat=,0.827018, actvprof=,0.000000, id=,B28, PRDE,actvstrat=,0.720636, actvprof=,0.000000, id=,B29, PRDE,actvstrat=,-0.084797, actvprof=,0.000000, id=,S00, JADE,actvstrat=,0.775640, actvprof=,0.000000, id=,S01, JADE,actvstrat=,0.055435, actvprof=,0.000000, id=,S02, JADE,actvstrat=,0.764843, actvprof=,0.000000, id=,S03, PRDE,actvstrat=,0.669129, actvprof=,0.000000, id=,S04, JADE,actvstrat=,0.267166, actvprof=,0.000000, id=,S05, JADE,actvstrat=,0.837129, actvprof=,0.000000, id=,S06, JADE,actvstrat=,-0.400195, actvprof=,0.000000, id=,S07, JADE,actvstrat=,-0.110688, actvprof=,0.000000, id=,S08, PRDE,actvstrat=,-0.306523, actvprof=,0.000000, id=,S09, JADE,actvstrat=,-0.079773, actvprof=,0.000000, id=,S10, PRDE,actvstrat=,-0.184023, actvprof=,0.000000, id=,S11, PRDE,actvstrat=,-0.765176, actvprof=,0.000000, id=,S12, PRDE,actvstrat=,0.932860, actvprof=,0.000000, id=,S13, PRDE,actvstrat=,0.766528, actvprof=,0.000000, id=,S14, PRDE,actvstrat=,-0.924346, actvprof=,0.000000, id=,S15, JADE,actvstrat=,-0.121961, actvprof=,0.000000, id=,S16, PRDE,actvstrat=,0.054675, actvprof=,0.000000, id=,S17, JADE,actvstrat=,0.673524, actvprof=,0.000000, id=,S18, PRDE,actvstrat=,0.342299, actvprof=,0.000000, id=,S19, PRDE,actvstrat=,0.381980, actvprof=,0.000000, id=,S20, JADE,actvstrat=,0.539465, actvprof=,0.000000, id=,S21, PRDE,actvstrat=,0.914945, actvprof=,0.000000, id=,S22, PRDE,actvstrat=,0.109375, actvprof=,0.000000, id=,S23, PRDE,actvstrat=,-0.798470, actvprof=,0.000000, id=,S24, JADE,actvstrat=,0.593558, actvprof=,0.000000, id=,S25, PRDE,actvstrat=,0.027691, actvprof=,0.000000, id=,S26, PRDE,actvstrat=,0.085055, actvprof=,0.000000, id=,S27, JADE,actvstrat=,0.746470, actvprof=,0.000000, id=,S28, JADE,actvstrat=,-0.949469, actvprof=,0.000000, id=,S29, JADE,actvstrat=,-0.930242, actvprof=,0.000000, best_B_id=,B00, best_B_prof=,0.000000, best_B_strat=,-0.248376, best_S_id=,S00, best_S_prof=,0.000000, best_S_strat=,0.775640, 
t=,3600, id=,B00, JADE,actvstrat=,-0.248376, actvprof=,1.840000, id=,B01, JADE,actvstrat=,0.942168, actvprof=,1.367500, id=,B02, JADE,actvstrat=,-0.316745, actvprof=,1.903333, id=,B03, JADE,actvstrat=,0.722640, actvprof=,2.264167, id=,B04, JADE,actvstrat=,-0.646985, actvprof=,2.270000, id=,B05, JADE,actvstrat=,0.101984, actvprof=,2.025833, id=,B06, PRDE,actvstrat=,0.444582, actvprof=,2.348056, id=,B07, PRDE,actvstrat=,-0.748178, actvprof=,2.826944, id=,B08, PRDE,actvstrat=,-0.715645, actvprof=,2.598611, id=,B09, JADE,actvstrat=,0.957271, actvprof=,1.355278, id=,B10, JADE,actvstrat=,0.588039, actvprof=,2.429444, id=,B11, PRDE,actvstrat=,0.934003, actvprof=,1.617500, id=,B12, PRDE,actvstrat=,0.527565, actvprof=,2.336667, id=,B13, PRDE,actvstrat=,0.456441, actvprof=,2.255278, id=,B14, JADE,actvstrat=,0.381455, actvprof=,2.154167, id=,B15, PRDE,actvstrat=,-0.267053, actvprof=,1.719167, id=,B16, PRDE,actvstrat=,-0.739475, actvprof=,2.891389, id=,B17, JADE,actvstrat=,-0.784738, actvprof=,3.108611, id=,B18, JADE,actvstrat=,-0.172349, actvprof=,1.999167, id=,B19, PRDE,actvstrat=,0.499752, actvprof=,2.391944, id=,B20, PRDE,actvstrat=,0.656241, actvprof=,2.471389, id=,B21, PRDE,actvstrat=,-0.729505, actvprof=,2.910278, id=,B22, PRDE,actvstrat=,-0.207485, actvprof=,1.848333, id=,B23, JADE,actvstrat=,0.551472, actvprof=,2.352500, id=,B24, JADE,actvstrat=,0.168050, actvprof=,2.090833, id=,B25, JADE,actvstrat=,0.285148, actvprof=,2.147222, id=,B26, JADE,actvstrat=,0.458858, actvprof=,2.312500, id=,B27, PRDE,actvstrat=,0.827018, actvprof=,2.227500, id=,B28, PRDE,actvstrat=,0.720636, actvprof=,2.388333, id=,B29, PRDE,actvstrat=,-0.084797, actvprof=,1.962222, id=,S00, JADE,actvstrat=,0.775640, actvprof=,11.124167, id=,S01, JADE,actvstrat=,0.055435, actvprof=,7.506667, id=,S02, JADE,actvstrat=,0.764843, actvprof=,10.946111, id=,S03, PRDE,actvstrat=,0.669129, actvprof=,10.661389, id=,S04, JADE,actvstrat=,0.267166, actvprof=,8.406667, id=,S05, JADE,actvstrat=,0.837129, actvprof=,11.078333, id=,S06, JADE,actvstrat=,-0.400195, actvprof=,4.858056, id=,S07, JADE,actvstrat=,-0.110688, actvprof=,6.329722, id=,S08, PRDE,actvstrat=,-0.306523, actvprof=,4.854167, id=,S09, JADE,actvstrat=,-0.079773, actvprof=,6.683333, id=,S10, PRDE,actvstrat=,-0.184023, actvprof=,6.076944, id=,S11, PRDE,actvstrat=,-0.765176, actvprof=,3.948889, id=,S12, PRDE,actvstrat=,0.932860, actvprof=,11.480278, id=,S13, PRDE,actvstrat=,0.766528, actvprof=,11.141111, id=,S14, PRDE,actvstrat=,-0.924346, actvprof=,2.018056, id=,S15, JADE,actvstrat=,-0.121961, actvprof=,6.252222, id=,S16, PRDE,actvstrat=,0.054675, actvprof=,7.623611, id=,S17, JADE,actvstrat=,0.673524, actvprof=,10.649167, id=,S18, PRDE,actvstrat=,0.342299, actvprof=,9.048333, id=,S19, PRDE,actvstrat=,0.381980, actvprof=,9.237222, id=,S20, JADE,actvstrat=,0.539465, actvprof=,9.844722, id=,S21, PRDE,actvstrat=,0.914945, actvprof=,11.491944, id=,S22, PRDE,actvstrat=,0.109375, actvprof=,7.666111, id=,S23, PRDE,actvstrat=,-0.798470, actvprof=,3.133333, id=,S24, JADE,actvstrat=,0.593558, actvprof=,9.951111, id=,S25, PRDE,actvstrat=,0.027691, actvprof=,7.227222, id=,S26, PRDE,actvstrat=,0.085055, actvprof=,7.409722, id=,S27, JADE,actvstrat=,0.746470, actvprof=,11.029444, id=,S28, JADE,actvstrat=,-0.949469, actvprof=,2.156389, id=,S29, JADE,actvstrat=,-0.930242, actvprof=,1.973611, best_B_id=,B17, best_B_prof=,3.108611, best_B_strat=,-0.784738, best_S_id=,S21, best_S_prof=,11.491944, best_S_strat=,0.914945, 
t=,7200, id=,B00, JADE,actvstrat=,0.348099, actvprof=,0.000000, id=,B01, JADE,actvstrat=,-0.014701, actvprof=,0.000000, id=,B02, JADE,actvstrat=,-0.622893, actvprof=,0.000000, id=,B03, JADE,actvstrat=,-0.593282, actvprof=,0.000000, id=,B04, JADE,actvstrat=,0.499032, actvprof=,0.000000, id=,B05, JADE,actvstrat=,-0.003596, actvprof=,0.000000, id=,B06, PRDE,actvstrat=,0.491336, actvprof=,0.000000, id=,B07, PRDE,actvstrat=,0.608162, actvprof=,0.000000, id=,B08, PRDE,actvstrat=,0.169856, actvprof=,0.000000, id=,B09, JADE,actvstrat=,0.532964, actvprof=,0.000000, id=,B10, JADE,actvstrat=,-0.924773, actvprof=,0.000000, id=,B11, PRDE,actvstrat=,0.559450, actvprof=,0.000000, id=,B12, PRDE,actvstrat=,-0.354310, actvprof=,0.000000, id=,B13, PRDE,actvstrat=,0.578656, actvprof=,0.000000, id=,B14, JADE,actvstrat=,-0.269636, actvprof=,0.000000, id=,B15, PRDE,actvstrat=,-0.579332, actvprof=,0.000000, id=,B16, PRDE,actvstrat=,-0.716368, actvprof=,0.000000, id=,B17, JADE,actvstrat=,-0.591596, actvprof=,0.000000, id=,B18, JADE,actvstrat=,-0.958463, actvprof=,0.000000, id=,B19, PRDE,actvstrat=,0.017817, actvprof=,0.000000, id=,B20, PRDE,actvstrat=,-0.218868, actvprof=,0.000000, id=,B21, PRDE,actvstrat=,0.158143, actvprof=,0.000000, id=,B22, PRDE,actvstrat=,-0.920092, actvprof=,0.000000, id=,B23, JADE,actvstrat=,-0.972117, actvprof=,0.000000, id=,B24, JADE,actvstrat=,-0.035990, actvprof=,0.000000, id=,B25, JADE,actvstrat=,-0.566920, actvprof=,0.000000, id=,B26, JADE,actvstrat=,-0.401799, actvprof=,0.000000, id=,B27, PRDE,actvstrat=,0.554734, actvprof=,0.000000, id=,B28, PRDE,actvstrat=,0.048173, actvprof=,0.000000, id=,B29, PRDE,actvstrat=,0.365711, actvprof=,0.000000, id=,S00, JADE,actvstrat=,-0.477872, actvprof=,0.000000, id=,S01, JADE,actvstrat=,-0.924027, actvprof=,0.000000, id=,S02, JADE,actvstrat=,0.086092, actvprof=,0.000000, id=,S03, PRDE,actvstrat=,-0.185661, actvprof=,0.000000, id=,S04, JADE,actvstrat=,-0.684036, actvprof=,0.000000, id=,S05, JADE,actvstrat=,-0.547176, actvprof=,0.000000, id=,S06, JADE,actvstrat=,-0.840120, actvprof=,0.000000, id=,S07, JADE,actvstrat=,0.410648, actvprof=,0.000000, id=,S08, PRDE,actvstrat=,0.365653, actvprof=,0.000000, id=,S09, JADE,actvstrat=,-0.803641, actvprof=,0.000000, id=,S10, PRDE,actvstrat=,0.359344, actvprof=,0.000000, id=,S11, PRDE,actvstrat=,0.836034, actvprof=,0.000000, id=,S12, PRDE,actvstrat=,0.964093, actvprof=,0.000000, id=,S13, PRDE,actvstrat=,-0.129188, actvprof=,0.000000, id=,S14, PRDE,actvstrat=,-0.690580, actvprof=,0.000000, id=,S15, JADE,actvstrat=,0.846274, actvprof=,0.000000, id=,S16, PRDE,actvstrat=,0.781465, actvprof=,0.000000, id=,S17, JADE,actvstrat=,-0.699139, actvprof=,0.000000, id=,S18, PRDE,actvstrat=,0.201306, actvprof=,0.000000, id=,S19, PRDE,actvstrat=,0.658170, actvprof=,0.000000, id=,S20, JADE,actvstrat=,0.955143, actvprof=,0.000000, id=,S21, PRDE,actvstrat=,-0.673003, actvprof=,0.000000, id=,S22, PRDE,actvstrat=,0.604642, actvprof=,0.000000, id=,S23, PRDE,actvstrat=,-0.778862, actvprof=,0.000000, id=,S24, JADE,actvstrat=,-0.244182, actvprof=,0.000000, id=,S25, PRDE,actvstrat=,0.234049, actvprof=,0.000000, id=,S26, PRDE,actvstrat=,-0.515848, actvprof=,0.000000, id=,S27, JADE,actvstrat=,0.164247, actvprof=,0.000000, id=,S28, JADE,actvstrat=,-0.610922, actvprof=,0.000000, id=,S29, JADE,actvstrat=,0.621957, actvprof=,0.000000, best_B_id=,B00, best_B_prof=,0.000000, best_B_strat=,0.348099, best_S_id=,S00, best_S_prof=,0.000000, best_S_strat=,-0.477872, 
t=,10800, id=,B00, JADE,actvstrat=,0.348099, actvprof=,2.012500, id=,B01, JADE,actvstrat=,-0.014701, actvprof=,1.656111, id=,B02, JADE,actvstrat=,-0.622893, actvprof=,1.745278, id=,B03, JADE,actvstrat=,-0.593282, actvprof=,1.694444, id=,B04, JADE,actvstrat=,0.499032, actvprof=,2.216944, id=,B05, JADE,actvstrat=,-0.003596, actvprof=,1.688889, id=,B06, PRDE,actvstrat=,0.491336, actvprof=,2.128889, id=,B07, PRDE,actvstrat=,0.608162, actvprof=,2.179722, id=,B08, PRDE,actvstrat=,0.169856, actvprof=,1.728333, id=,B09, JADE,actvstrat=,0.532964, actvprof=,2.076389, id=,B10, JADE,actvstrat=,-0.924773, actvprof=,3.409167, id=,B11, PRDE,actvstrat=,0.559450, actvprof=,2.064167, id=,B12, PRDE,actvstrat=,-0.354310, actvprof=,1.465000, id=,B13, PRDE,actvstrat=,0.578656, actvprof=,2.165000, id=,B14, JADE,actvstrat=,-0.269636, actvprof=,1.471667, id=,B15, PRDE,actvstrat=,-0.579332, actvprof=,1.644167, id=,B16, PRDE,actvstrat=,-0.716368, actvprof=,2.027222, id=,B17, JADE,actvstrat=,-0.591596, actvprof=,1.583056, id=,B18, JADE,actvstrat=,-0.958463, actvprof=,3.138611, id=,B19, PRDE,actvstrat=,0.017817, actvprof=,1.632500, id=,B20, PRDE,actvstrat=,-0.218868, actvprof=,1.399722, id=,B21, PRDE,actvstrat=,0.158143, actvprof=,1.882222, id=,B22, PRDE,actvstrat=,-0.920092, actvprof=,3.358056, id=,B23, JADE,actvstrat=,-0.972117, actvprof=,3.166667, id=,B24, JADE,actvstrat=,-0.035990, actvprof=,1.742500, id=,B25, JADE,actvstrat=,-0.566920, actvprof=,1.725556, id=,B26, JADE,actvstrat=,-0.401799, actvprof=,1.408333, id=,B27, PRDE,actvstrat=,0.554734, actvprof=,2.226944, id=,B28, PRDE,actvstrat=,0.048173, actvprof=,1.670000, id=,B29, PRDE,actvstrat=,0.365711, actvprof=,1.937222, id=,S00, JADE,actvstrat=,-0.477872, actvprof=,4.746389, id=,S01, JADE,actvstrat=,-0.924027, actvprof=,1.432500, id=,S02, JADE,actvstrat=,0.086092, actvprof=,6.895278, id=,S03, PRDE,actvstrat=,-0.185661, actvprof=,5.216389, id=,S04, JADE,actvstrat=,-0.684036, actvprof=,3.779167, id=,S05, JADE,actvstrat=,-0.547176, actvprof=,4.116111, id=,S06, JADE,actvstrat=,-0.840120, actvprof=,1.895833, id=,S07, JADE,actvstrat=,0.410648, actvprof=,9.081389, id=,S08, PRDE,actvstrat=,0.365653, actvprof=,8.576111, id=,S09, JADE,actvstrat=,-0.803641, actvprof=,2.484167, id=,S10, PRDE,actvstrat=,0.359344, actvprof=,8.515278, id=,S11, PRDE,actvstrat=,0.836034, actvprof=,11.012500, id=,S12, PRDE,actvstrat=,0.964093, actvprof=,11.663333, id=,S13, PRDE,actvstrat=,-0.129188, actvprof=,5.609167, id=,S14, PRDE,actvstrat=,-0.690580, actvprof=,3.800833, id=,S15, JADE,actvstrat=,0.846274, actvprof=,11.330556, id=,S16, PRDE,actvstrat=,0.781465, actvprof=,10.898333, id=,S17, JADE,actvstrat=,-0.699139, actvprof=,3.993333, id=,S18, PRDE,actvstrat=,0.201306, actvprof=,7.861667, id=,S19, PRDE,actvstrat=,0.658170, actvprof=,10.042500, id=,S20, JADE,actvstrat=,0.955143, actvprof=,11.348889, id=,S21, PRDE,actvstrat=,-0.673003, actvprof=,4.054722, id=,S22, PRDE,actvstrat=,0.604642, actvprof=,9.730000, id=,S23, PRDE,actvstrat=,-0.778862, actvprof=,3.146111, id=,S24, JADE,actvstrat=,-0.244182, actvprof=,5.237500, id=,S25, PRDE,actvstrat=,0.234049, actvprof=,8.067778, id=,S26, PRDE,actvstrat=,-0.515848, actvprof=,4.463889, id=,S27, JADE,actvstrat=,0.164247, actvprof=,7.643889, id=,S28, JADE,actvstrat=,-0.610922, actvprof=,4.129167, id=,S29, JADE,actvstrat=,0.621957, actvprof=,10.159722, best_B_id=,B10, best_B_prof=,3.409167, best_B_strat=,-0.924773, best_S_id=,S12, best_S_prof=,11.663333, best_S_strat=,0.964093, 
t=,14400, id=,B00, JADE,actvstrat=,0.348099, actvprof=,2.006944, id=,B01, JADE,actvstrat=,-0.014701, actvprof=,1.669167, id=,B02, JADE,actvstrat=,-0.622893, actvprof=,1.830139, id=,B03, JADE,actvstrat=,-0.593282, actvprof=,1.802361, id=,B04, JADE,actvstrat=,0.499032, actvprof=,2.222500, id=,B05, JADE,actvstrat=,-0.003596, actvprof=,1.670417, id=,B06, PRDE,actvstrat=,0.491336, actvprof=,2.151250, id=,B07, PRDE,actvstrat=,0.608162, actvprof=,2.216944, id=,B08, PRDE,actvstrat=,0.169856, actvprof=,1.752639, id=,B09, JADE,actvstrat=,0.532964, actvprof=,2.147917, id=,B10, JADE,actvstrat=,-0.924773, actvprof=,3.428472, id=,B11, PRDE,actvstrat=,0.559450, actvprof=,2.144167, id=,B12, PRDE,actvstrat=,-0.354310, actvprof=,1.450556, id=,B13, PRDE,actvstrat=,0.578656, actvprof=,2.170972, id=,B14, JADE,actvstrat=,-0.269636, actvprof=,1.500972, id=,B15, PRDE,actvstrat=,-0.579332, actvprof=,1.618750, id=,B16, PRDE,actvstrat=,-0.716368, actvprof=,2.060139, id=,B17, JADE,actvstrat=,-0.591596, actvprof=,1.668333, id=,B18, JADE,actvstrat=,-0.958463, actvprof=,3.244722, id=,B19, PRDE,actvstrat=,0.017817, actvprof=,1.639861, id=,B20, PRDE,actvstrat=,-0.218868, actvprof=,1.377361, id=,B21, PRDE,actvstrat=,0.158143, actvprof=,1.944861, id=,B22, PRDE,actvstrat=,-0.920092, actvprof=,3.495000, id=,B23, JADE,actvstrat=,-0.972117, actvprof=,3.196528, id=,B24, JADE,actvstrat=,-0.035990, actvprof=,1.648472, id=,B25, JADE,actvstrat=,-0.566920, actvprof=,1.690972, id=,B26, JADE,actvstrat=,-0.401799, actvprof=,1.494722, id=,B27, PRDE,actvstrat=,0.554734, actvprof=,2.254583, id=,B28, PRDE,actvstrat=,0.048173, actvprof=,1.626528, id=,B29, PRDE,actvstrat=,0.365711, actvprof=,1.954583, id=,S00, JADE,actvstrat=,-0.477872, actvprof=,4.567639, id=,S01, JADE,actvstrat=,-0.924027, actvprof=,1.493611, id=,S02, JADE,actvstrat=,0.086092, actvprof=,7.083333, id=,S03, PRDE,actvstrat=,-0.185661, actvprof=,5.210000, id=,S04, JADE,actvstrat=,-0.684036, actvprof=,3.955833, id=,S05, JADE,actvstrat=,-0.547176, actvprof=,4.360972, id=,S06, JADE,actvstrat=,-0.840120, actvprof=,1.986944, id=,S07, JADE,actvstrat=,0.410648, actvprof=,8.823889, id=,S08, PRDE,actvstrat=,0.365653, actvprof=,8.587500, id=,S09, JADE,actvstrat=,-0.803641, actvprof=,2.697222, id=,S10, PRDE,actvstrat=,0.359344, actvprof=,8.336389, id=,S11, PRDE,actvstrat=,0.836034, actvprof=,11.031806, id=,S12, PRDE,actvstrat=,0.964093, actvprof=,11.483750, id=,S13, PRDE,actvstrat=,-0.129188, actvprof=,5.876667, id=,S14, PRDE,actvstrat=,-0.690580, actvprof=,4.169167, id=,S15, JADE,actvstrat=,0.846274, actvprof=,11.266528, id=,S16, PRDE,actvstrat=,0.781465, actvprof=,10.764028, id=,S17, JADE,actvstrat=,-0.699139, actvprof=,3.732361, id=,S18, PRDE,actvstrat=,0.201306, actvprof=,7.801111, id=,S19, PRDE,actvstrat=,0.658170, actvprof=,10.187083, id=,S20, JADE,actvstrat=,0.955143, actvprof=,11.402639, id=,S21, PRDE,actvstrat=,-0.673003, actvprof=,4.129583, id=,S22, PRDE,actvstrat=,0.604642, actvprof=,9.927778, id=,S23, PRDE,actvstrat=,-0.778862, actvprof=,3.126250, id=,S24, JADE,actvstrat=,-0.244182, actvprof=,5.213750, id=,S25, PRDE,actvstrat=,0.234049, actvprof=,8.081250, id=,S26, PRDE,actvstrat=,-0.515848, actvprof=,4.368056, id=,S27, JADE,actvstrat=,0.164247, actvprof=,7.715972, id=,S28, JADE,actvstrat=,-0.610922, actvprof=,4.119167, id=,S29, JADE,actvstrat=,0.621957, actvprof=,10.018889, best_B_id=,B22, best_B_prof=,3.495000, best_B_strat=,-0.920092, best_S_id=,S12, best_S_prof=,11.483750, best_S_strat=,0.964093, 
t=,18000, id=,B00, JADE,actvstrat=,-0.768261, actvprof=,1.663627, id=,B01, JADE,actvstrat=,0.343271, actvprof=,1.682238, id=,B02, JADE,actvstrat=,-0.861934, actvprof=,2.319466, id=,B03, JADE,actvstrat=,0.793935, actvprof=,2.098908, id=,B04, JADE,actvstrat=,-0.902973, actvprof=,2.746137, id=,B05, JADE,actvstrat=,-0.686980, actvprof=,1.290012, id=,B06, PRDE,actvstrat=,-0.931309, actvprof=,3.185307, id=,B07, PRDE,actvstrat=,0.464722, actvprof=,1.983352, id=,B08, PRDE,actvstrat=,-0.706844, actvprof=,1.470014, id=,B09, JADE,actvstrat=,-0.928191, actvprof=,3.083362, id=,B10, JADE,actvstrat=,-0.924773, actvprof=,3.085306, id=,B11, PRDE,actvstrat=,-0.079056, actvprof=,1.383068, id=,B12, PRDE,actvstrat=,-0.354310, actvprof=,1.250567, id=,B13, PRDE,actvstrat=,0.422191, actvprof=,1.881406, id=,B14, JADE,actvstrat=,-0.447164, actvprof=,1.041954, id=,B15, PRDE,actvstrat=,0.499123, actvprof=,1.882795, id=,B16, PRDE,actvstrat=,-0.716368, actvprof=,1.548903, id=,B17, JADE,actvstrat=,0.603145, actvprof=,2.030019, id=,B18, JADE,actvstrat=,0.357858, actvprof=,1.701682, id=,B19, PRDE,actvstrat=,0.017817, actvprof=,1.538903, id=,B20, PRDE,actvstrat=,0.864471, actvprof=,1.946962, id=,B21, PRDE,actvstrat=,-0.427655, actvprof=,1.275012, id=,B22, PRDE,actvstrat=,-0.295044, actvprof=,1.173900, id=,B23, JADE,actvstrat=,-0.972117, actvprof=,3.042528, id=,B24, JADE,actvstrat=,-0.308922, actvprof=,1.183900, id=,B25, JADE,actvstrat=,-0.566920, actvprof=,1.178900, id=,B26, JADE,actvstrat=,0.679060, actvprof=,2.059186, id=,B27, PRDE,actvstrat=,-0.684324, actvprof=,1.248623, id=,B28, PRDE,actvstrat=,-0.390556, actvprof=,1.208622, id=,B29, PRDE,actvstrat=,0.185921, actvprof=,1.516681, id=,S00, JADE,actvstrat=,0.176653, actvprof=,8.083130, id=,S01, JADE,actvstrat=,-0.496981, actvprof=,4.468930, id=,S02, JADE,actvstrat=,-0.794689, actvprof=,3.028917, id=,S03, PRDE,actvstrat=,0.847782, actvprof=,11.185381, id=,S04, JADE,actvstrat=,-0.716117, actvprof=,3.997259, id=,S05, JADE,actvstrat=,-0.481281, actvprof=,4.282262, id=,S06, JADE,actvstrat=,0.022180, actvprof=,6.990343, id=,S07, JADE,actvstrat=,0.268826, actvprof=,8.292577, id=,S08, PRDE,actvstrat=,-0.755862, actvprof=,2.876971, id=,S09, JADE,actvstrat=,0.504644, actvprof=,9.757313, id=,S10, PRDE,actvstrat=,-0.070810, actvprof=,6.646728, id=,S11, PRDE,actvstrat=,-0.875846, actvprof=,1.403069, id=,S12, PRDE,actvstrat=,0.964093, actvprof=,11.321216, id=,S13, PRDE,actvstrat=,0.636663, actvprof=,9.826758, id=,S14, PRDE,actvstrat=,-0.690580, actvprof=,4.143649, id=,S15, JADE,actvstrat=,0.846274, actvprof=,11.423717, id=,S16, PRDE,actvstrat=,-0.225350, actvprof=,5.142548, id=,S17, JADE,actvstrat=,0.673524, actvprof=,10.546209, id=,S18, PRDE,actvstrat=,0.275733, actvprof=,7.941462, id=,S19, PRDE,actvstrat=,-0.413935, actvprof=,4.291429, id=,S20, JADE,actvstrat=,0.004271, actvprof=,7.258123, id=,S21, PRDE,actvstrat=,-0.162449, actvprof=,5.796998, id=,S22, PRDE,actvstrat=,-0.749134, actvprof=,3.742812, id=,S23, PRDE,actvstrat=,-0.689084, actvprof=,4.060315, id=,S24, JADE,actvstrat=,0.046625, actvprof=,7.247289, id=,S25, PRDE,actvstrat=,-0.841460, actvprof=,2.470856, id=,S26, PRDE,actvstrat=,-0.728219, actvprof=,3.468921, id=,S27, JADE,actvstrat=,-0.997694, actvprof=,7.670627, id=,S28, JADE,actvstrat=,0.122951, actvprof=,7.640904, id=,S29, JADE,actvstrat=,-0.031560, actvprof=,6.516449, best_B_id=,B06, best_B_prof=,3.185307, best_B_strat=,-0.931309, best_S_id=,S15, best_S_prof=,11.423717, best_S_strat=,0.846274, 
t=,21600, id=,B00, JADE,actvstrat=,-0.768261, actvprof=,1.580428, id=,B01, JADE,actvstrat=,0.343271, actvprof=,1.718762, id=,B02, JADE,actvstrat=,-0.861934, actvprof=,2.251127, id=,B03, JADE,actvstrat=,0.793935, actvprof=,2.107098, id=,B04, JADE,actvstrat=,-0.902973, actvprof=,2.710158, id=,B05, JADE,actvstrat=,-0.686980, actvprof=,1.297787, id=,B06, PRDE,actvstrat=,-0.931309, actvprof=,3.045438, id=,B07, PRDE,actvstrat=,0.464722, actvprof=,1.887652, id=,B08, PRDE,actvstrat=,-0.706844, actvprof=,1.372371, id=,B09, JADE,actvstrat=,-0.928191, actvprof=,3.036132, id=,B10, JADE,actvstrat=,-0.924773, actvprof=,3.017521, id=,B11, PRDE,actvstrat=,-0.079056, actvprof=,1.363759, id=,B12, PRDE,actvstrat=,-0.354310, actvprof=,1.208481, id=,B13, PRDE,actvstrat=,0.422191, actvprof=,1.871541, id=,B14, JADE,actvstrat=,-0.447164, actvprof=,1.070563, id=,B15, PRDE,actvstrat=,0.499123, actvprof=,1.908069, id=,B16, PRDE,actvstrat=,-0.716368, actvprof=,1.478482, id=,B17, JADE,actvstrat=,0.603145, actvprof=,2.011820, id=,B18, JADE,actvstrat=,0.357858, actvprof=,1.741262, id=,B19, PRDE,actvstrat=,0.017817, actvprof=,1.431121, id=,B20, PRDE,actvstrat=,0.864471, actvprof=,1.942375, id=,B21, PRDE,actvstrat=,-0.427655, actvprof=,1.199314, id=,B22, PRDE,actvstrat=,-0.295044, actvprof=,1.097369, id=,B23, JADE,actvstrat=,-0.972117, actvprof=,3.040854, id=,B24, JADE,actvstrat=,-0.308922, actvprof=,1.150425, id=,B25, JADE,actvstrat=,-0.566920, actvprof=,1.219314, id=,B26, JADE,actvstrat=,0.679060, actvprof=,2.069320, id=,B27, PRDE,actvstrat=,-0.684324, actvprof=,1.325843, id=,B28, PRDE,actvstrat=,-0.390556, actvprof=,1.194731, id=,B29, PRDE,actvstrat=,0.185921, actvprof=,1.564316, id=,S00, JADE,actvstrat=,0.176653, actvprof=,7.845471, id=,S01, JADE,actvstrat=,-0.496981, actvprof=,4.441836, id=,S02, JADE,actvstrat=,-0.794689, actvprof=,2.751130, id=,S03, PRDE,actvstrat=,0.847782, actvprof=,11.318690, id=,S04, JADE,actvstrat=,-0.716117, actvprof=,3.953777, id=,S05, JADE,actvstrat=,-0.481281, actvprof=,4.459753, id=,S06, JADE,actvstrat=,0.022180, actvprof=,7.016993, id=,S07, JADE,actvstrat=,0.268826, actvprof=,8.269224, id=,S08, PRDE,actvstrat=,-0.755862, actvprof=,3.217800, id=,S09, JADE,actvstrat=,0.504644, actvprof=,9.608122, id=,S10, PRDE,actvstrat=,-0.070810, actvprof=,6.398656, id=,S11, PRDE,actvstrat=,-0.875846, actvprof=,1.429732, id=,S12, PRDE,actvstrat=,0.964093, actvprof=,11.394662, id=,S13, PRDE,actvstrat=,0.636663, actvprof=,9.779651, id=,S14, PRDE,actvstrat=,-0.690580, actvprof=,4.007389, id=,S15, JADE,actvstrat=,0.846274, actvprof=,11.430357, id=,S16, PRDE,actvstrat=,-0.225350, actvprof=,4.965729, id=,S17, JADE,actvstrat=,0.673524, actvprof=,10.411045, id=,S18, PRDE,actvstrat=,0.275733, actvprof=,7.990472, id=,S19, PRDE,actvstrat=,-0.413935, actvprof=,4.487253, id=,S20, JADE,actvstrat=,0.004271, actvprof=,7.252967, id=,S21, PRDE,actvstrat=,-0.162449, actvprof=,5.381148, id=,S22, PRDE,actvstrat=,-0.749134, actvprof=,3.684609, id=,S23, PRDE,actvstrat=,-0.689084, actvprof=,4.090584, id=,S24, JADE,actvstrat=,0.046625, actvprof=,7.291856, id=,S25, PRDE,actvstrat=,-0.841460, actvprof=,2.220293, id=,S26, PRDE,actvstrat=,-0.728219, actvprof=,3.584886, id=,S27, JADE,actvstrat=,-0.997694, actvprof=,7.668109, id=,S28, JADE,actvstrat=,0.122951, actvprof=,7.381718, id=,S29, JADE,actvstrat=,-0.031560, actvprof=,6.565462, best_B_id=,B06, best_B_prof=,3.045438, best_B_strat=,-0.931309, best_S_id=,S15, best_S_prof=,11.430357, best_S_strat=,0.846274, 
t=,25200, id=,B00, JADE,actvstrat=,-0.150495, actvprof=,1.003644, id=,B01, JADE,actvstrat=,0.335169, actvprof=,1.418379, id=,B02, JADE,actvstrat=,-0.745662, actvprof=,1.600052, id=,B03, JADE,actvstrat=,0.621607, actvprof=,1.690055, id=,B04, JADE,actvstrat=,-0.335330, actvprof=,1.105591, id=,B05, JADE,actvstrat=,-0.488304, actvprof=,0.983921, id=,B06, PRDE,actvstrat=,-1.000000, actvprof=,2.122847, id=,B07, PRDE,actvstrat=,1.000000, actvprof=,0.850583, id=,B08, PRDE,actvstrat=,1.000000, actvprof=,0.841138, id=,B09, JADE,actvstrat=,0.467335, actvprof=,1.508104, id=,B10, JADE,actvstrat=,-0.811798, actvprof=,2.002565, id=,B11, PRDE,actvstrat=,1.000000, actvprof=,0.864750, id=,B12, PRDE,actvstrat=,-0.591382, actvprof=,1.252541, id=,B13, PRDE,actvstrat=,-1.000000, actvprof=,1.983398, id=,B14, JADE,actvstrat=,-0.222862, actvprof=,0.925863, id=,B15, PRDE,actvstrat=,0.750523, actvprof=,1.707000, id=,B16, PRDE,actvstrat=,1.000000, actvprof=,0.955031, id=,B17, JADE,actvstrat=,0.300736, actvprof=,1.395323, id=,B18, JADE,actvstrat=,-0.977991, actvprof=,1.826448, id=,B19, PRDE,actvstrat=,-0.500700, actvprof=,1.079202, id=,B20, PRDE,actvstrat=,-1.000000, actvprof=,2.022843, id=,B21, PRDE,actvstrat=,-1.000000, actvprof=,2.005898, id=,B22, PRDE,actvstrat=,-1.000000, actvprof=,2.019510, id=,B23, JADE,actvstrat=,-1.000000, actvprof=,2.086457, id=,B24, JADE,actvstrat=,-0.505669, actvprof=,1.019755, id=,B25, JADE,actvstrat=,-0.212011, actvprof=,0.993921, id=,B26, JADE,actvstrat=,0.578080, actvprof=,1.616997, id=,B27, PRDE,actvstrat=,1.000000, actvprof=,0.843638, id=,B28, PRDE,actvstrat=,0.594301, actvprof=,1.605608, id=,B29, PRDE,actvstrat=,-1.000000, actvprof=,2.010621, id=,S00, JADE,actvstrat=,0.469306, actvprof=,10.047548, id=,S01, JADE,actvstrat=,-0.294007, actvprof=,5.487122, id=,S02, JADE,actvstrat=,-0.430448, actvprof=,5.366563, id=,S03, PRDE,actvstrat=,-0.769585, actvprof=,4.223470, id=,S04, JADE,actvstrat=,-0.125264, actvprof=,6.473821, id=,S05, JADE,actvstrat=,0.676948, actvprof=,11.498984, id=,S06, JADE,actvstrat=,-0.023095, actvprof=,7.799697, id=,S07, JADE,actvstrat=,0.550437, actvprof=,10.845074, id=,S08, PRDE,actvstrat=,-1.000000, actvprof=,10.739515, id=,S09, JADE,actvstrat=,0.298127, actvprof=,9.179742, id=,S10, PRDE,actvstrat=,-0.547636, actvprof=,5.919636, id=,S11, PRDE,actvstrat=,-1.000000, actvprof=,10.364503, id=,S12, PRDE,actvstrat=,1.000000, actvprof=,12.214840, id=,S13, PRDE,actvstrat=,0.237178, actvprof=,9.031404, id=,S14, PRDE,actvstrat=,-0.039842, actvprof=,7.285236, id=,S15, JADE,actvstrat=,0.990720, actvprof=,12.522350, id=,S16, PRDE,actvstrat=,1.000000, actvprof=,12.468182, id=,S17, JADE,actvstrat=,0.766038, actvprof=,11.720935, id=,S18, PRDE,actvstrat=,-0.554665, actvprof=,5.280449, id=,S19, PRDE,actvstrat=,-1.000000, actvprof=,10.873964, id=,S20, JADE,actvstrat=,1.000000, actvprof=,12.667077, id=,S21, PRDE,actvstrat=,-1.000000, actvprof=,10.951744, id=,S22, PRDE,actvstrat=,-0.495456, actvprof=,5.339617, id=,S23, PRDE,actvstrat=,-0.629944, actvprof=,4.777933, id=,S24, JADE,actvstrat=,-0.172031, actvprof=,6.452987, id=,S25, PRDE,actvstrat=,-0.965498, actvprof=,3.203159, id=,S26, PRDE,actvstrat=,0.354812, actvprof=,9.124462, id=,S27, JADE,actvstrat=,-0.776695, actvprof=,3.663174, id=,S28, JADE,actvstrat=,-0.137420, actvprof=,5.746853, id=,S29, JADE,actvstrat=,0.124469, actvprof=,8.397772, best_B_id=,B06, best_B_prof=,2.122847, best_B_strat=,-1.000000, best_S_id=,S20, best_S_prof=,12.667077, best_S_strat=,1.000000, 
t=,28800, id=,B00, JADE,actvstrat=,-0.150495, actvprof=,1.020426, id=,B01, JADE,actvstrat=,0.335169, actvprof=,1.535431, id=,B02, JADE,actvstrat=,-0.745662, actvprof=,1.625154, id=,B03, JADE,actvstrat=,0.621607, actvprof=,1.709321, id=,B04, JADE,actvstrat=,-0.335330, actvprof=,1.057926, id=,B05, JADE,actvstrat=,-0.488304, actvprof=,1.103344, id=,B06, PRDE,actvstrat=,-1.000000, actvprof=,2.155714, id=,B07, PRDE,actvstrat=,1.000000, actvprof=,0.956398, id=,B08, PRDE,actvstrat=,1.000000, actvprof=,0.899731, id=,B09, JADE,actvstrat=,0.467335, actvprof=,1.539042, id=,B10, JADE,actvstrat=,-0.811798, actvprof=,2.006130, id=,B11, PRDE,actvstrat=,1.000000, actvprof=,0.916953, id=,B12, PRDE,actvstrat=,-0.591382, actvprof=,1.305151, id=,B13, PRDE,actvstrat=,-1.000000, actvprof=,2.112797, id=,B14, JADE,actvstrat=,-0.222862, actvprof=,0.966676, id=,B15, PRDE,actvstrat=,0.750523, actvprof=,1.865989, id=,B16, PRDE,actvstrat=,1.000000, actvprof=,0.988759, id=,B17, JADE,actvstrat=,0.300736, actvprof=,1.429735, id=,B18, JADE,actvstrat=,-0.977991, actvprof=,1.868628, id=,B19, PRDE,actvstrat=,-0.500700, actvprof=,1.124038, id=,B20, PRDE,actvstrat=,-1.000000, actvprof=,2.065714, id=,B21, PRDE,actvstrat=,-1.000000, actvprof=,2.049602, id=,B22, PRDE,actvstrat=,-1.000000, actvprof=,2.127659, id=,B23, JADE,actvstrat=,-1.000000, actvprof=,2.125575, id=,B24, JADE,actvstrat=,-0.505669, actvprof=,1.099038, id=,B25, JADE,actvstrat=,-0.212011, actvprof=,1.061538, id=,B26, JADE,actvstrat=,0.578080, actvprof=,1.750294, id=,B27, PRDE,actvstrat=,1.000000, actvprof=,0.901119, id=,B28, PRDE,actvstrat=,0.594301, actvprof=,1.700294, id=,B29, PRDE,actvstrat=,-1.000000, actvprof=,2.140992, id=,S00, JADE,actvstrat=,0.469306, actvprof=,10.074399, id=,S01, JADE,actvstrat=,-0.294007, actvprof=,5.596580, id=,S02, JADE,actvstrat=,-0.430448, actvprof=,5.416022, id=,S03, PRDE,actvstrat=,-0.769585, actvprof=,4.065732, id=,S04, JADE,actvstrat=,-0.125264, actvprof=,6.452004, id=,S05, JADE,actvstrat=,0.676948, actvprof=,11.384411, id=,S06, JADE,actvstrat=,-0.023095, actvprof=,7.740211, id=,S07, JADE,actvstrat=,0.550437, actvprof=,10.758850, id=,S08, PRDE,actvstrat=,-1.000000, actvprof=,10.681071, id=,S09, JADE,actvstrat=,0.298127, actvprof=,9.155918, id=,S10, PRDE,actvstrat=,-0.547636, actvprof=,5.597830, id=,S11, PRDE,actvstrat=,-1.000000, actvprof=,10.726349, id=,S12, PRDE,actvstrat=,1.000000, actvprof=,12.263725, id=,S13, PRDE,actvstrat=,0.237178, actvprof=,8.713553, id=,S14, PRDE,actvstrat=,-0.039842, actvprof=,7.295068, id=,S15, JADE,actvstrat=,0.990720, actvprof=,12.609839, id=,S16, PRDE,actvstrat=,1.000000, actvprof=,12.359698, id=,S17, JADE,actvstrat=,0.766038, actvprof=,11.817748, id=,S18, PRDE,actvstrat=,-0.554665, actvprof=,5.408383, id=,S19, PRDE,actvstrat=,-1.000000, actvprof=,10.851906, id=,S20, JADE,actvstrat=,1.000000, actvprof=,12.545394, id=,S21, PRDE,actvstrat=,-1.000000, actvprof=,10.959963, id=,S22, PRDE,actvstrat=,-0.495456, actvprof=,5.202687, id=,S23, PRDE,actvstrat=,-0.629944, actvprof=,4.867684, id=,S24, JADE,actvstrat=,-0.172031, actvprof=,6.541033, id=,S25, PRDE,actvstrat=,-0.965498, actvprof=,3.254058, id=,S26, PRDE,actvstrat=,0.354812, actvprof=,9.388004, id=,S27, JADE,actvstrat=,-0.776695, actvprof=,3.663228, id=,S28, JADE,actvstrat=,-0.137420, actvprof=,6.042000, id=,S29, JADE,actvstrat=,0.124469, actvprof=,8.360216, best_B_id=,B06, best_B_prof=,2.155714, best_B_strat=,-1.000000, best_S_id=,S15, best_S_prof=,12.609839, best_S_strat=,0.990720, 
t=,32400, id=,B00, JADE,actvstrat=,-0.150495, actvprof=,1.693396, id=,B01, JADE,actvstrat=,-0.610767, actvprof=,1.984796, id=,B02, JADE,actvstrat=,0.049763, actvprof=,1.866736, id=,B03, JADE,actvstrat=,0.307373, actvprof=,2.064521, id=,B04, JADE,actvstrat=,0.801257, actvprof=,2.284807, id=,B05, JADE,actvstrat=,-0.111574, actvprof=,2.027853, id=,B06, PRDE,actvstrat=,0.868432, actvprof=,2.091466, id=,B07, PRDE,actvstrat=,0.111134, actvprof=,1.722842, id=,B08, PRDE,actvstrat=,0.591860, actvprof=,2.316197, id=,B09, JADE,actvstrat=,-0.778692, actvprof=,2.898163, id=,B10, JADE,actvstrat=,-0.397582, actvprof=,1.688674, id=,B11, PRDE,actvstrat=,0.654225, actvprof=,2.355365, id=,B12, PRDE,actvstrat=,-0.591382, actvprof=,2.017575, id=,B13, PRDE,actvstrat=,0.578656, actvprof=,2.389811, id=,B14, JADE,actvstrat=,-0.269636, actvprof=,1.719230, id=,B15, PRDE,actvstrat=,0.295641, actvprof=,2.015630, id=,B16, PRDE,actvstrat=,-0.717623, actvprof=,2.409256, id=,B17, JADE,actvstrat=,0.395669, actvprof=,2.320364, id=,B18, JADE,actvstrat=,-0.833287, actvprof=,3.287622, id=,B19, PRDE,actvstrat=,0.342071, actvprof=,2.132579, id=,B20, PRDE,actvstrat=,0.305527, actvprof=,2.212860, id=,B21, PRDE,actvstrat=,-1.000000, actvprof=,3.128171, id=,B22, PRDE,actvstrat=,-0.287846, actvprof=,1.550335, id=,B23, JADE,actvstrat=,0.758327, actvprof=,2.380644, id=,B24, JADE,actvstrat=,-0.773136, actvprof=,2.778436, id=,B25, JADE,actvstrat=,-0.328395, actvprof=,1.431720, id=,B26, JADE,actvstrat=,0.523155, actvprof=,2.465091, id=,B27, PRDE,actvstrat=,0.432349, actvprof=,2.301196, id=,B28, PRDE,actvstrat=,-0.103372, actvprof=,1.661728, id=,B29, PRDE,actvstrat=,0.858914, actvprof=,2.029242, id=,S00, JADE,actvstrat=,0.775640, actvprof=,10.823456, id=,S01, JADE,actvstrat=,0.845812, actvprof=,11.177358, id=,S02, JADE,actvstrat=,-0.304520, actvprof=,4.702952, id=,S03, PRDE,actvstrat=,-0.506163, actvprof=,4.676840, id=,S04, JADE,actvstrat=,-0.025930, actvprof=,6.968869, id=,S05, JADE,actvstrat=,-0.667427, actvprof=,4.444887, id=,S06, JADE,actvstrat=,0.999151, actvprof=,11.101522, id=,S07, JADE,actvstrat=,0.410648, actvprof=,8.941442, id=,S08, PRDE,actvstrat=,0.365653, actvprof=,8.723379, id=,S09, JADE,actvstrat=,0.071267, actvprof=,7.409163, id=,S10, PRDE,actvstrat=,0.359344, actvprof=,8.880329, id=,S11, PRDE,actvstrat=,-0.307200, actvprof=,4.588781, id=,S12, PRDE,actvstrat=,0.142334, actvprof=,7.848068, id=,S13, PRDE,actvstrat=,-0.129188, actvprof=,5.825494, id=,S14, PRDE,actvstrat=,-0.039842, actvprof=,7.110819, id=,S15, JADE,actvstrat=,0.089825, actvprof=,7.441942, id=,S16, PRDE,actvstrat=,-0.494365, actvprof=,4.521279, id=,S17, JADE,actvstrat=,0.969630, actvprof=,11.213471, id=,S18, PRDE,actvstrat=,0.201306, actvprof=,8.238361, id=,S19, PRDE,actvstrat=,-0.374257, actvprof=,5.080744, id=,S20, JADE,actvstrat=,-0.990762, actvprof=,6.224953, id=,S21, PRDE,actvstrat=,0.914945, actvprof=,11.317364, id=,S22, PRDE,actvstrat=,0.604642, actvprof=,9.838142, id=,S23, PRDE,actvstrat=,-0.629944, actvprof=,4.096818, id=,S24, JADE,actvstrat=,-0.888931, actvprof=,1.525612, id=,S25, PRDE,actvstrat=,-0.270645, actvprof=,4.811845, id=,S26, PRDE,actvstrat=,-0.641519, actvprof=,4.419608, id=,S27, JADE,actvstrat=,0.614782, actvprof=,10.189266, id=,S28, JADE,actvstrat=,0.315514, actvprof=,8.601985, id=,S29, JADE,actvstrat=,0.158388, actvprof=,7.706119, best_B_id=,B18, best_B_prof=,3.287622, best_B_strat=,-0.833287, best_S_id=,S21, best_S_prof=,11.317364, best_S_strat=,0.914945, 
t=,36000, id=,B00, JADE,actvstrat=,-0.150495, actvprof=,1.684483, id=,B01, JADE,actvstrat=,-0.610767, actvprof=,1.966296, id=,B02, JADE,actvstrat=,0.049763, actvprof=,1.871710, id=,B03, JADE,actvstrat=,0.307373, actvprof=,2.064770, id=,B04, JADE,actvstrat=,0.801257, actvprof=,2.272830, id=,B05, JADE,actvstrat=,-0.111574, actvprof=,1.906155, id=,B06, PRDE,actvstrat=,0.868432, actvprof=,2.077409, id=,B07, PRDE,actvstrat=,0.111134, actvprof=,1.747957, id=,B08, PRDE,actvstrat=,0.591860, actvprof=,2.335887, id=,B09, JADE,actvstrat=,-0.778692, actvprof=,2.900900, id=,B10, JADE,actvstrat=,-0.397582, actvprof=,1.667816, id=,B11, PRDE,actvstrat=,0.654225, actvprof=,2.351860, id=,B12, PRDE,actvstrat=,-0.591382, actvprof=,1.965323, id=,B13, PRDE,actvstrat=,0.578656, actvprof=,2.371722, id=,B14, JADE,actvstrat=,-0.269636, actvprof=,1.681150, id=,B15, PRDE,actvstrat=,0.295641, actvprof=,2.038519, id=,B16, PRDE,actvstrat=,-0.717623, actvprof=,2.367833, id=,B17, JADE,actvstrat=,0.395669, actvprof=,2.191579, id=,B18, JADE,actvstrat=,-0.833287, actvprof=,3.418829, id=,B19, PRDE,actvstrat=,0.342071, actvprof=,2.106577, id=,B20, PRDE,actvstrat=,0.305527, actvprof=,2.201579, id=,B21, PRDE,actvstrat=,-1.000000, actvprof=,3.111739, id=,B22, PRDE,actvstrat=,-0.287846, actvprof=,1.604759, id=,B23, JADE,actvstrat=,0.758327, actvprof=,2.407972, id=,B24, JADE,actvstrat=,-0.773136, actvprof=,2.767425, id=,B25, JADE,actvstrat=,-0.328395, actvprof=,1.472256, id=,B26, JADE,actvstrat=,0.523155, actvprof=,2.484919, id=,B27, PRDE,actvstrat=,0.432349, actvprof=,2.205884, id=,B28, PRDE,actvstrat=,-0.103372, actvprof=,1.788375, id=,B29, PRDE,actvstrat=,0.858914, actvprof=,2.059909, id=,S00, JADE,actvstrat=,0.775640, actvprof=,10.925531, id=,S01, JADE,actvstrat=,0.845812, actvprof=,11.193037, id=,S02, JADE,actvstrat=,-0.304520, actvprof=,4.818584, id=,S03, PRDE,actvstrat=,-0.506163, actvprof=,4.677747, id=,S04, JADE,actvstrat=,-0.025930, actvprof=,6.951828, id=,S05, JADE,actvstrat=,-0.667427, actvprof=,4.430241, id=,S06, JADE,actvstrat=,0.999151, actvprof=,11.307623, id=,S07, JADE,actvstrat=,0.410648, actvprof=,8.841732, id=,S08, PRDE,actvstrat=,0.365653, actvprof=,8.757286, id=,S09, JADE,actvstrat=,0.071267, actvprof=,7.358920, id=,S10, PRDE,actvstrat=,0.359344, actvprof=,8.729785, id=,S11, PRDE,actvstrat=,-0.307200, actvprof=,4.882057, id=,S12, PRDE,actvstrat=,0.142334, actvprof=,7.931017, id=,S13, PRDE,actvstrat=,-0.129188, actvprof=,5.819162, id=,S14, PRDE,actvstrat=,-0.039842, actvprof=,6.916827, id=,S15, JADE,actvstrat=,0.089825, actvprof=,7.275446, id=,S16, PRDE,actvstrat=,-0.494365, actvprof=,4.591773, id=,S17, JADE,actvstrat=,0.969630, actvprof=,11.264427, id=,S18, PRDE,actvstrat=,0.201306, actvprof=,7.786986, id=,S19, PRDE,actvstrat=,-0.374257, actvprof=,5.127758, id=,S20, JADE,actvstrat=,-0.990762, actvprof=,6.025695, id=,S21, PRDE,actvstrat=,0.914945, actvprof=,11.317345, id=,S22, PRDE,actvstrat=,0.604642, actvprof=,9.885090, id=,S23, PRDE,actvstrat=,-0.629944, actvprof=,4.101067, id=,S24, JADE,actvstrat=,-0.888931, actvprof=,1.479895, id=,S25, PRDE,actvstrat=,-0.270645, actvprof=,5.075256, id=,S26, PRDE,actvstrat=,-0.641519, actvprof=,4.376351, id=,S27, JADE,actvstrat=,0.614782, actvprof=,10.061622, id=,S28, JADE,actvstrat=,0.315514, actvprof=,8.539920, id=,S29, JADE,actvstrat=,0.158388, actvprof=,7.673233, best_B_id=,B18, best_B_prof=,3.418829, best_B_strat=,-0.833287, best_S_id=,S21, best_S_prof=,11.317345, best_S_strat=,0.914945, 
t=,39600, id=,B00, JADE,actvstrat=,-0.103069, actvprof=,2.388644, id=,B01, JADE,actvstrat=,-0.283708, actvprof=,2.389478, id=,B02, JADE,actvstrat=,-0.277424, actvprof=,2.340310, id=,B03, JADE,actvstrat=,0.276290, actvprof=,2.627814, id=,B04, JADE,actvstrat=,1.000000, actvprof=,1.490298, id=,B05, JADE,actvstrat=,-0.066577, actvprof=,2.432256, id=,B06, PRDE,actvstrat=,0.123562, actvprof=,2.563369, id=,B07, PRDE,actvstrat=,0.278043, actvprof=,2.678093, id=,B08, PRDE,actvstrat=,0.160187, actvprof=,2.495590, id=,B09, JADE,actvstrat=,0.572030, actvprof=,2.710315, id=,B10, JADE,actvstrat=,-0.119374, actvprof=,2.466145, id=,B11, PRDE,actvstrat=,-1.000000, actvprof=,3.580883, id=,B12, PRDE,actvstrat=,0.625516, actvprof=,2.958097, id=,B13, PRDE,actvstrat=,-1.000000, actvprof=,3.409492, id=,B14, JADE,actvstrat=,-0.857230, actvprof=,4.102557, id=,B15, PRDE,actvstrat=,1.000000, actvprof=,1.475020, id=,B16, PRDE,actvstrat=,-0.119793, actvprof=,2.188086, id=,B17, JADE,actvstrat=,0.084988, actvprof=,2.543924, id=,B18, JADE,actvstrat=,-0.424073, actvprof=,2.467812, id=,B19, PRDE,actvstrat=,-1.000000, actvprof=,3.469770, id=,B20, PRDE,actvstrat=,0.434869, actvprof=,2.754205, id=,B21, PRDE,actvstrat=,1.000000, actvprof=,1.249740, id=,B22, PRDE,actvstrat=,0.745699, actvprof=,2.606703, id=,B23, JADE,actvstrat=,0.655143, actvprof=,2.676426, id=,B24, JADE,actvstrat=,-0.274351, actvprof=,2.300032, id=,B25, JADE,actvstrat=,-0.035232, actvprof=,2.354477, id=,B26, JADE,actvstrat=,0.090425, actvprof=,2.398089, id=,B27, PRDE,actvstrat=,1.000000, actvprof=,1.466687, id=,B28, PRDE,actvstrat=,0.351264, actvprof=,2.650870, id=,B29, PRDE,actvstrat=,-1.000000, actvprof=,3.446715, id=,S00, JADE,actvstrat=,1.000000, actvprof=,11.016820, id=,S01, JADE,actvstrat=,0.756237, actvprof=,10.623759, id=,S02, JADE,actvstrat=,-0.483077, actvprof=,4.416172, id=,S03, PRDE,actvstrat=,1.000000, actvprof=,11.029875, id=,S04, JADE,actvstrat=,-0.263665, actvprof=,4.893401, id=,S05, JADE,actvstrat=,-0.023128, actvprof=,6.767038, id=,S06, JADE,actvstrat=,0.750451, actvprof=,10.585980, id=,S07, JADE,actvstrat=,0.476161, actvprof=,8.994014, id=,S08, PRDE,actvstrat=,-0.938798, actvprof=,2.534480, id=,S09, JADE,actvstrat=,-0.290409, actvprof=,5.038126, id=,S10, PRDE,actvstrat=,-1.000000, actvprof=,9.977083, id=,S11, PRDE,actvstrat=,-1.000000, actvprof=,10.350699, id=,S12, PRDE,actvstrat=,-1.000000, actvprof=,10.201531, id=,S13, PRDE,actvstrat=,1.000000, actvprof=,10.546813, id=,S14, PRDE,actvstrat=,-0.253453, actvprof=,5.059515, id=,S15, JADE,actvstrat=,0.882116, actvprof=,10.967097, id=,S16, PRDE,actvstrat=,1.000000, actvprof=,11.141266, id=,S17, JADE,actvstrat=,0.688969, actvprof=,9.891526, id=,S18, PRDE,actvstrat=,-1.000000, actvprof=,10.070973, id=,S19, PRDE,actvstrat=,-0.238127, actvprof=,5.748413, id=,S20, JADE,actvstrat=,0.075540, actvprof=,6.728149, id=,S21, PRDE,actvstrat=,-1.000000, actvprof=,9.974583, id=,S22, PRDE,actvstrat=,-0.087074, actvprof=,5.774247, id=,S23, PRDE,actvstrat=,-0.143496, actvprof=,5.243406, id=,S24, JADE,actvstrat=,-0.547662, actvprof=,4.750622, id=,S25, PRDE,actvstrat=,0.973918, actvprof=,10.842651, id=,S26, PRDE,actvstrat=,1.000000, actvprof=,10.815150, id=,S27, JADE,actvstrat=,-0.090705, actvprof=,5.834248, id=,S28, JADE,actvstrat=,0.054044, actvprof=,7.357602, id=,S29, JADE,actvstrat=,0.463628, actvprof=,8.325116, best_B_id=,B14, best_B_prof=,4.102557, best_B_strat=,-0.857230, best_S_id=,S16, best_S_prof=,11.141266, best_S_strat=,1.000000, 
t=,43200, id=,B00, JADE,actvstrat=,-0.103069, actvprof=,2.362971, id=,B01, JADE,actvstrat=,-0.283708, actvprof=,2.297970, id=,B02, JADE,actvstrat=,-0.277424, actvprof=,2.325193, id=,B03, JADE,actvstrat=,0.276290, actvprof=,2.591171, id=,B04, JADE,actvstrat=,1.000000, actvprof=,1.426144, id=,B05, JADE,actvstrat=,-0.066577, actvprof=,2.473252, id=,B06, PRDE,actvstrat=,0.123562, actvprof=,2.380194, id=,B07, PRDE,actvstrat=,0.278043, actvprof=,2.673812, id=,B08, PRDE,actvstrat=,0.160187, actvprof=,2.530197, id=,B09, JADE,actvstrat=,0.572030, actvprof=,2.778953, id=,B10, JADE,actvstrat=,-0.119374, actvprof=,2.398944, id=,B11, PRDE,actvstrat=,-1.000000, actvprof=,3.499664, id=,B12, PRDE,actvstrat=,0.625516, actvprof=,2.983125, id=,B13, PRDE,actvstrat=,-1.000000, actvprof=,3.387717, id=,B14, JADE,actvstrat=,-0.857230, actvprof=,4.059538, id=,B15, PRDE,actvstrat=,1.000000, actvprof=,1.407394, id=,B16, PRDE,actvstrat=,-0.119793, actvprof=,2.287692, id=,B17, JADE,actvstrat=,0.084988, actvprof=,2.532559, id=,B18, JADE,actvstrat=,-0.424073, actvprof=,2.539087, id=,B19, PRDE,actvstrat=,-1.000000, actvprof=,3.432302, id=,B20, PRDE,actvstrat=,0.434869, actvprof=,2.766731, id=,B21, PRDE,actvstrat=,1.000000, actvprof=,1.365726, id=,B22, PRDE,actvstrat=,0.745699, actvprof=,2.723396, id=,B23, JADE,actvstrat=,0.655143, actvprof=,2.672701, id=,B24, JADE,actvstrat=,-0.274351, actvprof=,2.334221, id=,B25, JADE,actvstrat=,-0.035232, actvprof=,2.349499, id=,B26, JADE,actvstrat=,0.090425, actvprof=,2.391583, id=,B27, PRDE,actvstrat=,1.000000, actvprof=,1.517396, id=,B28, PRDE,actvstrat=,0.351264, actvprof=,2.607977, id=,B29, PRDE,actvstrat=,-1.000000, actvprof=,3.319382, id=,S00, JADE,actvstrat=,1.000000, actvprof=,10.936086, id=,S01, JADE,actvstrat=,0.756237, actvprof=,10.449686, id=,S02, JADE,actvstrat=,-0.483077, actvprof=,4.614135, id=,S03, PRDE,actvstrat=,1.000000, actvprof=,11.024977, id=,S04, JADE,actvstrat=,-0.263665, actvprof=,4.887891, id=,S05, JADE,actvstrat=,-0.023128, actvprof=,6.622653, id=,S06, JADE,actvstrat=,0.750451, actvprof=,10.556911, id=,S07, JADE,actvstrat=,0.476161, actvprof=,9.040348, id=,S08, PRDE,actvstrat=,-0.938798, actvprof=,2.671451, id=,S09, JADE,actvstrat=,-0.290409, actvprof=,4.952476, id=,S10, PRDE,actvstrat=,-1.000000, actvprof=,10.063150, id=,S11, PRDE,actvstrat=,-1.000000, actvprof=,10.311489, id=,S12, PRDE,actvstrat=,-1.000000, actvprof=,10.210514, id=,S13, PRDE,actvstrat=,1.000000, actvprof=,10.935392, id=,S14, PRDE,actvstrat=,-0.253453, actvprof=,4.884558, id=,S15, JADE,actvstrat=,0.882116, actvprof=,10.965532, id=,S16, PRDE,actvstrat=,1.000000, actvprof=,11.009699, id=,S17, JADE,actvstrat=,0.688969, actvprof=,9.988703, id=,S18, PRDE,actvstrat=,-1.000000, actvprof=,10.107040, id=,S19, PRDE,actvstrat=,-0.238127, actvprof=,5.139286, id=,S20, JADE,actvstrat=,0.075540, actvprof=,6.770296, id=,S21, PRDE,actvstrat=,-1.000000, actvprof=,9.952036, id=,S22, PRDE,actvstrat=,-0.087074, actvprof=,5.871386, id=,S23, PRDE,actvstrat=,-0.143496, actvprof=,5.424848, id=,S24, JADE,actvstrat=,-0.547662, actvprof=,4.781638, id=,S25, PRDE,actvstrat=,0.973918, actvprof=,10.688164, id=,S26, PRDE,actvstrat=,1.000000, actvprof=,10.818167, id=,S27, JADE,actvstrat=,-0.090705, actvprof=,5.877914, id=,S28, JADE,actvstrat=,0.054044, actvprof=,7.010996, id=,S29, JADE,actvstrat=,0.463628, actvprof=,8.723535, best_B_id=,B14, best_B_prof=,4.059538, best_B_strat=,-0.857230, best_S_id=,S03, best_S_prof=,11.024977, best_S_strat=,1.000000, 
t=,46800, id=,B00, JADE,actvstrat=,-0.403332, actvprof=,1.908153, id=,B01, JADE,actvstrat=,-0.283708, actvprof=,2.072050, id=,B02, JADE,actvstrat=,-0.622893, actvprof=,2.167055, id=,B03, JADE,actvstrat=,-0.828803, actvprof=,3.241276, id=,B04, JADE,actvstrat=,0.823306, actvprof=,2.507905, id=,B05, JADE,actvstrat=,-0.780460, actvprof=,2.632356, id=,B06, PRDE,actvstrat=,-0.816113, actvprof=,3.075712, id=,B07, PRDE,actvstrat=,-0.794939, actvprof=,2.924038, id=,B08, PRDE,actvstrat=,1.000000, actvprof=,1.590914, id=,B09, JADE,actvstrat=,0.572030, actvprof=,2.734028, id=,B10, JADE,actvstrat=,-0.683097, actvprof=,2.310951, id=,B11, PRDE,actvstrat=,0.559450, actvprof=,2.621800, id=,B12, PRDE,actvstrat=,0.195792, actvprof=,2.334286, id=,B13, PRDE,actvstrat=,0.034215, actvprof=,2.080662, id=,B14, JADE,actvstrat=,-0.811279, actvprof=,3.114603, id=,B15, PRDE,actvstrat=,0.750523, actvprof=,2.714583, id=,B16, PRDE,actvstrat=,0.595654, actvprof=,2.546519, id=,B17, JADE,actvstrat=,-0.138829, actvprof=,1.864817, id=,B18, JADE,actvstrat=,-0.424073, actvprof=,2.018992, id=,B19, PRDE,actvstrat=,-0.719653, actvprof=,2.355953, id=,B20, PRDE,actvstrat=,-0.218868, actvprof=,1.870373, id=,B21, PRDE,actvstrat=,0.158143, actvprof=,2.193167, id=,B22, PRDE,actvstrat=,-1.000000, actvprof=,3.854919, id=,B23, JADE,actvstrat=,0.674482, actvprof=,2.729583, id=,B24, JADE,actvstrat=,-0.505669, actvprof=,1.982879, id=,B25, JADE,actvstrat=,-0.216851, actvprof=,1.991490, id=,B26, JADE,actvstrat=,-0.124693, actvprof=,1.851205, id=,B27, PRDE,actvstrat=,-0.570492, actvprof=,2.112330, id=,B28, PRDE,actvstrat=,0.048173, actvprof=,1.954544, id=,B29, PRDE,actvstrat=,-0.003246, actvprof=,1.983157, id=,S00, JADE,actvstrat=,0.331436, actvprof=,7.985407, id=,S01, JADE,actvstrat=,0.495677, actvprof=,8.744890, id=,S02, JADE,actvstrat=,0.086092, actvprof=,6.788401, id=,S03, PRDE,actvstrat=,1.000000, actvprof=,10.604707, id=,S04, JADE,actvstrat=,-0.410714, actvprof=,3.914366, id=,S05, JADE,actvstrat=,0.811685, actvprof=,10.125238, id=,S06, JADE,actvstrat=,-0.460427, actvprof=,4.262717, id=,S07, JADE,actvstrat=,-0.053585, actvprof=,6.176426, id=,S08, PRDE,actvstrat=,-0.920032, actvprof=,1.550635, id=,S09, JADE,actvstrat=,0.601541, actvprof=,9.130743, id=,S10, PRDE,actvstrat=,-1.000000, actvprof=,9.590766, id=,S11, PRDE,actvstrat=,-1.000000, actvprof=,9.693827, id=,S12, PRDE,actvstrat=,1.000000, actvprof=,10.583595, id=,S13, PRDE,actvstrat=,0.237178, actvprof=,7.828176, id=,S14, PRDE,actvstrat=,-0.220858, actvprof=,4.581622, id=,S15, JADE,actvstrat=,-0.497471, actvprof=,4.231049, id=,S16, PRDE,actvstrat=,1.000000, actvprof=,10.709712, id=,S17, JADE,actvstrat=,0.766038, actvprof=,10.304969, id=,S18, PRDE,actvstrat=,-1.000000, actvprof=,9.508818, id=,S19, PRDE,actvstrat=,-0.012581, actvprof=,6.052808, id=,S20, JADE,actvstrat=,-0.643888, actvprof=,4.006593, id=,S21, PRDE,actvstrat=,0.177206, actvprof=,7.163976, id=,S22, PRDE,actvstrat=,0.190193, actvprof=,7.580942, id=,S23, PRDE,actvstrat=,-0.778862, actvprof=,2.987930, id=,S24, JADE,actvstrat=,-0.867905, actvprof=,1.616749, id=,S25, PRDE,actvstrat=,0.234049, actvprof=,7.422045, id=,S26, PRDE,actvstrat=,-0.515848, actvprof=,3.829362, id=,S27, JADE,actvstrat=,0.055863, actvprof=,7.017857, id=,S28, JADE,actvstrat=,-0.610922, actvprof=,4.146878, id=,S29, JADE,actvstrat=,-0.595379, actvprof=,4.488006, best_B_id=,B22, best_B_prof=,3.854919, best_B_strat=,-1.000000, best_S_id=,S16, best_S_prof=,10.709712, best_S_strat=,1.000000, 
t=,50400, id=,B00, JADE,actvstrat=,-0.403332, actvprof=,1.976291, id=,B01, JADE,actvstrat=,-0.283708, actvprof=,1.982402, id=,B02, JADE,actvstrat=,-0.622893, actvprof=,2.227824, id=,B03, JADE,actvstrat=,-0.828803, actvprof=,3.236456, id=,B04, JADE,actvstrat=,0.823306, actvprof=,2.546164, id=,B05, JADE,actvstrat=,-0.780460, actvprof=,2.659917, id=,B06, PRDE,actvstrat=,-0.816113, actvprof=,3.137982, id=,B07, PRDE,actvstrat=,-0.794939, actvprof=,2.990340, id=,B08, PRDE,actvstrat=,1.000000, actvprof=,1.593783, id=,B09, JADE,actvstrat=,0.572030, actvprof=,2.689362, id=,B10, JADE,actvstrat=,-0.683097, actvprof=,2.332687, id=,B11, PRDE,actvstrat=,0.559450, actvprof=,2.659500, id=,B12, PRDE,actvstrat=,0.195792, actvprof=,2.253380, id=,B13, PRDE,actvstrat=,0.034215, actvprof=,2.087960, id=,B14, JADE,actvstrat=,-0.811279, actvprof=,3.091870, id=,B15, PRDE,actvstrat=,0.750523, actvprof=,2.736029, id=,B16, PRDE,actvstrat=,0.595654, actvprof=,2.652833, id=,B17, JADE,actvstrat=,-0.138829, actvprof=,1.943652, id=,B18, JADE,actvstrat=,-0.424073, actvprof=,1.937818, id=,B19, PRDE,actvstrat=,-0.719653, actvprof=,2.333799, id=,B20, PRDE,actvstrat=,-0.218868, actvprof=,1.887123, id=,B21, PRDE,actvstrat=,0.158143, actvprof=,2.283520, id=,B22, PRDE,actvstrat=,-1.000000, actvprof=,3.801885, id=,B23, JADE,actvstrat=,0.674482, actvprof=,2.721862, id=,B24, JADE,actvstrat=,-0.505669, actvprof=,2.007542, id=,B25, JADE,actvstrat=,-0.216851, actvprof=,1.876706, id=,B26, JADE,actvstrat=,-0.124693, actvprof=,1.909484, id=,B27, PRDE,actvstrat=,-0.570492, actvprof=,2.099627, id=,B28, PRDE,actvstrat=,0.048173, actvprof=,1.999486, id=,B29, PRDE,actvstrat=,-0.003246, actvprof=,1.982125, id=,S00, JADE,actvstrat=,0.331436, actvprof=,7.872525, id=,S01, JADE,actvstrat=,0.495677, actvprof=,8.702959, id=,S02, JADE,actvstrat=,0.086092, actvprof=,6.757919, id=,S03, PRDE,actvstrat=,1.000000, actvprof=,10.609110, id=,S04, JADE,actvstrat=,-0.410714, actvprof=,4.267311, id=,S05, JADE,actvstrat=,0.811685, actvprof=,10.029515, id=,S06, JADE,actvstrat=,-0.460427, actvprof=,4.345091, id=,S07, JADE,actvstrat=,-0.053585, actvprof=,5.775259, id=,S08, PRDE,actvstrat=,-0.920032, actvprof=,1.576005, id=,S09, JADE,actvstrat=,0.601541, actvprof=,9.357695, id=,S10, PRDE,actvstrat=,-1.000000, actvprof=,9.490753, id=,S11, PRDE,actvstrat=,-1.000000, actvprof=,9.561866, id=,S12, PRDE,actvstrat=,1.000000, actvprof=,10.582443, id=,S13, PRDE,actvstrat=,0.237178, actvprof=,7.385848, id=,S14, PRDE,actvstrat=,-0.220858, actvprof=,4.682598, id=,S15, JADE,actvstrat=,-0.497471, actvprof=,4.101058, id=,S16, PRDE,actvstrat=,1.000000, actvprof=,10.678695, id=,S17, JADE,actvstrat=,0.766038, actvprof=,10.235630, id=,S18, PRDE,actvstrat=,-1.000000, actvprof=,9.296166, id=,S19, PRDE,actvstrat=,-0.012581, actvprof=,5.963180, id=,S20, JADE,actvstrat=,-0.643888, actvprof=,4.065362, id=,S21, PRDE,actvstrat=,0.177206, actvprof=,7.274596, id=,S22, PRDE,actvstrat=,0.190193, actvprof=,7.353487, id=,S23, PRDE,actvstrat=,-0.778862, actvprof=,3.077009, id=,S24, JADE,actvstrat=,-0.867905, actvprof=,1.606839, id=,S25, PRDE,actvstrat=,0.234049, actvprof=,7.265846, id=,S26, PRDE,actvstrat=,-0.515848, actvprof=,4.065224, id=,S27, JADE,actvstrat=,0.055863, actvprof=,6.825420, id=,S28, JADE,actvstrat=,-0.610922, actvprof=,4.052168, id=,S29, JADE,actvstrat=,-0.595379, actvprof=,4.330924, best_B_id=,B22, best_B_prof=,3.801885, best_B_strat=,-1.000000, best_S_id=,S16, best_S_prof=,10.678695, best_S_strat=,1.000000, 
t=,54000, id=,B00, JADE,actvstrat=,0.299044, actvprof=,2.083181, id=,B01, JADE,actvstrat=,-0.084151, actvprof=,1.784552, id=,B02, JADE,actvstrat=,-0.677939, actvprof=,2.349864, id=,B03, JADE,actvstrat=,-0.872162, actvprof=,3.165468, id=,B04, JADE,actvstrat=,1.000000, actvprof=,1.295356, id=,B05, JADE,actvstrat=,0.006354, actvprof=,1.745938, id=,B06, PRDE,actvstrat=,-1.000000, actvprof=,3.092964, id=,B07, PRDE,actvstrat=,1.000000, actvprof=,1.222018, id=,B08, PRDE,actvstrat=,-1.000000, actvprof=,2.974623, id=,B09, JADE,actvstrat=,-0.248118, actvprof=,1.588429, id=,B10, JADE,actvstrat=,-1.000000, actvprof=,3.026849, id=,B11, PRDE,actvstrat=,-1.000000, actvprof=,3.157412, id=,B12, PRDE,actvstrat=,0.582363, actvprof=,2.381810, id=,B13, PRDE,actvstrat=,-1.000000, actvprof=,2.929065, id=,B14, JADE,actvstrat=,-0.894601, actvprof=,3.327700, id=,B15, PRDE,actvstrat=,0.335010, actvprof=,2.085403, id=,B16, PRDE,actvstrat=,0.688898, actvprof=,2.412923, id=,B17, JADE,actvstrat=,-0.294865, actvprof=,1.649544, id=,B18, JADE,actvstrat=,-0.035147, actvprof=,1.942339, id=,B19, PRDE,actvstrat=,-0.063652, actvprof=,1.851223, id=,B20, PRDE,actvstrat=,-1.000000, actvprof=,3.052128, id=,B21, PRDE,actvstrat=,-1.000000, actvprof=,3.018237, id=,B22, PRDE,actvstrat=,0.745699, actvprof=,2.432369, id=,B23, JADE,actvstrat=,0.391036, actvprof=,2.232634, id=,B24, JADE,actvstrat=,0.601621, actvprof=,2.372643, id=,B25, JADE,actvstrat=,-0.432134, actvprof=,1.789830, id=,B26, JADE,actvstrat=,-0.456724, actvprof=,1.815387, id=,B27, PRDE,actvstrat=,-0.066487, actvprof=,1.721770, id=,B28, PRDE,actvstrat=,0.057202, actvprof=,1.671767, id=,B29, PRDE,actvstrat=,-1.000000, actvprof=,2.964901, id=,S00, JADE,actvstrat=,0.839945, actvprof=,11.502637, id=,S01, JADE,actvstrat=,0.246016, actvprof=,8.132156, id=,S02, JADE,actvstrat=,0.780694, actvprof=,11.177339, id=,S03, PRDE,actvstrat=,1.000000, actvprof=,11.189562, id=,S04, JADE,actvstrat=,-0.109462, actvprof=,5.870909, id=,S05, JADE,actvstrat=,0.827628, actvprof=,11.325126, id=,S06, JADE,actvstrat=,-0.114928, actvprof=,5.436994, id=,S07, JADE,actvstrat=,-0.439519, actvprof=,4.450268, id=,S08, PRDE,actvstrat=,-1.000000, actvprof=,9.460569, id=,S09, JADE,actvstrat=,0.652697, actvprof=,10.500076, id=,S10, PRDE,actvstrat=,0.795521, actvprof=,11.046498, id=,S11, PRDE,actvstrat=,-0.775931, actvprof=,3.756893, id=,S12, PRDE,actvstrat=,-0.005173, actvprof=,7.030979, id=,S13, PRDE,actvstrat=,-0.386582, actvprof=,4.411932, id=,S14, PRDE,actvstrat=,-0.596861, actvprof=,4.186085, id=,S15, JADE,actvstrat=,0.506902, actvprof=,9.410844, id=,S16, PRDE,actvstrat=,-0.407961, actvprof=,4.863348, id=,S17, JADE,actvstrat=,0.766038, actvprof=,10.971771, id=,S18, PRDE,actvstrat=,-0.007119, actvprof=,7.133485, id=,S19, PRDE,actvstrat=,1.000000, actvprof=,11.368184, id=,S20, JADE,actvstrat=,0.671686, actvprof=,10.586193, id=,S21, PRDE,actvstrat=,-1.000000, actvprof=,9.251112, id=,S22, PRDE,actvstrat=,-0.222674, actvprof=,5.043081, id=,S23, PRDE,actvstrat=,0.131439, actvprof=,7.251825, id=,S24, JADE,actvstrat=,-0.422030, actvprof=,4.730562, id=,S25, PRDE,actvstrat=,1.000000, actvprof=,11.284012, id=,S26, PRDE,actvstrat=,-1.000000, actvprof=,9.703917, id=,S27, JADE,actvstrat=,0.931499, actvprof=,11.554307, id=,S28, JADE,actvstrat=,-0.610922, actvprof=,4.329705, id=,S29, JADE,actvstrat=,-0.244121, actvprof=,4.853348, best_B_id=,B14, best_B_prof=,3.327700, best_B_strat=,-0.894601, best_S_id=,S27, best_S_prof=,11.554307, best_S_strat=,0.931499, 
t=,57600, id=,B00, JADE,actvstrat=,0.299044, actvprof=,2.028117, id=,B01, JADE,actvstrat=,-0.084151, actvprof=,1.819221, id=,B02, JADE,actvstrat=,-0.677939, actvprof=,2.177427, id=,B03, JADE,actvstrat=,-0.872162, actvprof=,3.125094, id=,B04, JADE,actvstrat=,1.000000, actvprof=,1.329623, id=,B05, JADE,actvstrat=,0.006354, actvprof=,1.733524, id=,B06, PRDE,actvstrat=,-1.000000, actvprof=,3.031063, id=,B07, PRDE,actvstrat=,1.000000, actvprof=,1.224898, id=,B08, PRDE,actvstrat=,-1.000000, actvprof=,2.916754, id=,B09, JADE,actvstrat=,-0.248118, actvprof=,1.638244, id=,B10, JADE,actvstrat=,-1.000000, actvprof=,3.057175, id=,B11, PRDE,actvstrat=,-1.000000, actvprof=,3.055092, id=,B12, PRDE,actvstrat=,0.582363, actvprof=,2.294513, id=,B13, PRDE,actvstrat=,-1.000000, actvprof=,2.912310, id=,B14, JADE,actvstrat=,-0.894601, actvprof=,3.215375, id=,B15, PRDE,actvstrat=,0.335010, actvprof=,2.096035, id=,B16, PRDE,actvstrat=,0.688898, actvprof=,2.393544, id=,B17, JADE,actvstrat=,-0.294865, actvprof=,1.627132, id=,B18, JADE,actvstrat=,-0.035147, actvprof=,1.789776, id=,B19, PRDE,actvstrat=,-0.063652, actvprof=,1.817832, id=,B20, PRDE,actvstrat=,-1.000000, actvprof=,2.978562, id=,B21, PRDE,actvstrat=,-1.000000, actvprof=,2.912032, id=,B22, PRDE,actvstrat=,0.745699, actvprof=,2.434934, id=,B23, JADE,actvstrat=,0.391036, actvprof=,2.192427, id=,B24, JADE,actvstrat=,0.601621, actvprof=,2.307153, id=,B25, JADE,actvstrat=,-0.432134, actvprof=,1.705190, id=,B26, JADE,actvstrat=,-0.456724, actvprof=,1.689773, id=,B27, PRDE,actvstrat=,-0.066487, actvprof=,1.780470, id=,B28, PRDE,actvstrat=,0.057202, actvprof=,1.680606, id=,B29, PRDE,actvstrat=,-1.000000, actvprof=,2.943839, id=,S00, JADE,actvstrat=,0.839945, actvprof=,11.389787, id=,S01, JADE,actvstrat=,0.246016, actvprof=,8.065382, id=,S02, JADE,actvstrat=,0.780694, actvprof=,11.145474, id=,S03, PRDE,actvstrat=,1.000000, actvprof=,11.348536, id=,S04, JADE,actvstrat=,-0.109462, actvprof=,5.771285, id=,S05, JADE,actvstrat=,0.827628, actvprof=,11.305062, id=,S06, JADE,actvstrat=,-0.114928, actvprof=,5.596280, id=,S07, JADE,actvstrat=,-0.439519, actvprof=,4.598194, id=,S08, PRDE,actvstrat=,-1.000000, actvprof=,9.462229, id=,S09, JADE,actvstrat=,0.652697, actvprof=,10.530872, id=,S10, PRDE,actvstrat=,0.795521, actvprof=,11.006165, id=,S11, PRDE,actvstrat=,-0.775931, actvprof=,3.382880, id=,S12, PRDE,actvstrat=,-0.005173, actvprof=,7.099936, id=,S13, PRDE,actvstrat=,-0.386582, actvprof=,4.443189, id=,S14, PRDE,actvstrat=,-0.596861, actvprof=,4.212905, id=,S15, JADE,actvstrat=,0.506902, actvprof=,9.385838, id=,S16, PRDE,actvstrat=,-0.407961, actvprof=,4.629028, id=,S17, JADE,actvstrat=,0.766038, actvprof=,10.933385, id=,S18, PRDE,actvstrat=,-0.007119, actvprof=,7.078685, id=,S19, PRDE,actvstrat=,1.000000, actvprof=,11.344647, id=,S20, JADE,actvstrat=,0.671686, actvprof=,10.362673, id=,S21, PRDE,actvstrat=,-1.000000, actvprof=,9.465840, id=,S22, PRDE,actvstrat=,-0.222674, actvprof=,5.173072, id=,S23, PRDE,actvstrat=,0.131439, actvprof=,7.585506, id=,S24, JADE,actvstrat=,-0.422030, actvprof=,4.611805, id=,S25, PRDE,actvstrat=,1.000000, actvprof=,11.434650, id=,S26, PRDE,actvstrat=,-1.000000, actvprof=,9.300141, id=,S27, JADE,actvstrat=,0.931499, actvprof=,11.397426, id=,S28, JADE,actvstrat=,-0.610922, actvprof=,4.338464, id=,S29, JADE,actvstrat=,-0.244121, actvprof=,5.002234, best_B_id=,B14, best_B_prof=,3.215375, best_B_strat=,-0.894601, best_S_id=,S25, best_S_prof=,11.434650, best_S_strat=,1.000000, 
t=,61200, id=,B00, JADE,actvstrat=,0.119256, actvprof=,2.234044, id=,B01, JADE,actvstrat=,-0.057101, actvprof=,2.154038, id=,B02, JADE,actvstrat=,0.051408, actvprof=,2.048753, id=,B03, JADE,actvstrat=,-0.053264, actvprof=,1.944302, id=,B04, JADE,actvstrat=,0.372358, actvprof=,2.402945, id=,B05, JADE,actvstrat=,0.308614, actvprof=,2.187652, id=,B06, PRDE,actvstrat=,-1.000000, actvprof=,3.228280, id=,B07, PRDE,actvstrat=,-0.794939, actvprof=,3.479130, id=,B08, PRDE,actvstrat=,0.169856, actvprof=,2.134315, id=,B09, JADE,actvstrat=,0.467335, actvprof=,2.495451, id=,B10, JADE,actvstrat=,-0.839909, actvprof=,3.908049, id=,B11, PRDE,actvstrat=,-1.000000, actvprof=,3.386624, id=,B12, PRDE,actvstrat=,0.217368, actvprof=,2.197653, id=,B13, PRDE,actvstrat=,-0.619246, actvprof=,2.605459, id=,B14, JADE,actvstrat=,-0.457781, actvprof=,2.006528, id=,B15, PRDE,actvstrat=,0.960568, actvprof=,1.278144, id=,B16, PRDE,actvstrat=,0.688898, actvprof=,2.617960, id=,B17, JADE,actvstrat=,0.596491, actvprof=,2.584624, id=,B18, JADE,actvstrat=,-0.009501, actvprof=,2.077089, id=,B19, PRDE,actvstrat=,-0.453912, actvprof=,2.080700, id=,B20, PRDE,actvstrat=,0.434869, actvprof=,2.425724, id=,B21, PRDE,actvstrat=,0.767027, actvprof=,2.637683, id=,B22, PRDE,actvstrat=,-0.320858, actvprof=,2.023474, id=,B23, JADE,actvstrat=,-0.517264, actvprof=,2.280158, id=,B24, JADE,actvstrat=,0.599337, actvprof=,2.691298, id=,B25, JADE,actvstrat=,-0.432134, actvprof=,2.046253, id=,B26, JADE,actvstrat=,-0.456724, actvprof=,2.005695, id=,B27, PRDE,actvstrat=,0.824045, actvprof=,2.276547, id=,B28, PRDE,actvstrat=,0.057202, actvprof=,2.035141, id=,B29, PRDE,actvstrat=,-1.000000, actvprof=,3.226057, id=,S00, JADE,actvstrat=,0.259788, actvprof=,7.931662, id=,S01, JADE,actvstrat=,0.055435, actvprof=,6.977707, id=,S02, JADE,actvstrat=,0.905678, actvprof=,11.102438, id=,S03, PRDE,actvstrat=,0.401977, actvprof=,8.715050, id=,S04, JADE,actvstrat=,-0.109462, actvprof=,5.595111, id=,S05, JADE,actvstrat=,-0.675878, actvprof=,4.134732, id=,S06, JADE,actvstrat=,-0.778052, actvprof=,3.124384, id=,S07, JADE,actvstrat=,-0.048424, actvprof=,6.310716, id=,S08, PRDE,actvstrat=,0.365653, actvprof=,8.794500, id=,S09, JADE,actvstrat=,0.652697, actvprof=,10.254601, id=,S10, PRDE,actvstrat=,0.795521, actvprof=,10.894090, id=,S11, PRDE,actvstrat=,0.215843, actvprof=,7.766928, id=,S12, PRDE,actvstrat=,0.357292, actvprof=,8.461699, id=,S13, PRDE,actvstrat=,0.800662, actvprof=,10.814362, id=,S14, PRDE,actvstrat=,-0.253453, actvprof=,4.776165, id=,S15, JADE,actvstrat=,0.269324, actvprof=,8.436141, id=,S16, PRDE,actvstrat=,-0.845030, actvprof=,1.766234, id=,S17, JADE,actvstrat=,0.688969, actvprof=,10.412668, id=,S18, PRDE,actvstrat=,0.000194, actvprof=,6.349885, id=,S19, PRDE,actvstrat=,0.658170, actvprof=,10.015418, id=,S20, JADE,actvstrat=,-0.393395, actvprof=,4.886173, id=,S21, PRDE,actvstrat=,0.933048, actvprof=,11.127717, id=,S22, PRDE,actvstrat=,-0.087074, actvprof=,6.169040, id=,S23, PRDE,actvstrat=,-0.529913, actvprof=,5.186193, id=,S24, JADE,actvstrat=,-0.305500, actvprof=,4.906174, id=,S25, PRDE,actvstrat=,0.973918, actvprof=,10.977429, id=,S26, PRDE,actvstrat=,1.000000, actvprof=,11.015487, id=,S27, JADE,actvstrat=,0.164247, actvprof=,7.677478, id=,S28, JADE,actvstrat=,-0.444487, actvprof=,4.602264, id=,S29, JADE,actvstrat=,0.276527, actvprof=,8.427530, best_B_id=,B10, best_B_prof=,3.908049, best_B_strat=,-0.839909, best_S_id=,S21, best_S_prof=,11.127717, best_S_strat=,0.933048, 
t=,64800, id=,B00, JADE,actvstrat=,0.119256, actvprof=,2.146602, id=,B01, JADE,actvstrat=,-0.057101, actvprof=,2.135907, id=,B02, JADE,actvstrat=,0.051408, actvprof=,1.978402, id=,B03, JADE,actvstrat=,-0.053264, actvprof=,1.933262, id=,B04, JADE,actvstrat=,0.372358, actvprof=,2.388416, id=,B05, JADE,actvstrat=,0.308614, actvprof=,2.253412, id=,B06, PRDE,actvstrat=,-1.000000, actvprof=,3.234973, id=,B07, PRDE,actvstrat=,-0.794939, actvprof=,3.399979, id=,B08, PRDE,actvstrat=,0.169856, actvprof=,2.181048, id=,B09, JADE,actvstrat=,0.467335, actvprof=,2.457446, id=,B10, JADE,actvstrat=,-0.839909, actvprof=,3.851245, id=,B11, PRDE,actvstrat=,-1.000000, actvprof=,3.316504, id=,B12, PRDE,actvstrat=,0.217368, actvprof=,2.240356, id=,B13, PRDE,actvstrat=,-0.619246, actvprof=,2.506893, id=,B14, JADE,actvstrat=,-0.457781, actvprof=,2.173409, id=,B15, PRDE,actvstrat=,0.960568, actvprof=,1.300462, id=,B16, PRDE,actvstrat=,0.688898, actvprof=,2.619397, id=,B17, JADE,actvstrat=,0.596491, actvprof=,2.553978, id=,B18, JADE,actvstrat=,-0.009501, actvprof=,1.946179, id=,B19, PRDE,actvstrat=,-0.453912, actvprof=,2.072850, id=,B20, PRDE,actvstrat=,0.434869, actvprof=,2.496198, id=,B21, PRDE,actvstrat=,0.767027, actvprof=,2.613007, id=,B22, PRDE,actvstrat=,-0.320858, actvprof=,2.104240, id=,B23, JADE,actvstrat=,-0.517264, actvprof=,2.208410, id=,B24, JADE,actvstrat=,0.599337, actvprof=,2.584534, id=,B25, JADE,actvstrat=,-0.432134, actvprof=,2.013125, id=,B26, JADE,actvstrat=,-0.456724, actvprof=,2.078267, id=,B27, PRDE,actvstrat=,0.824045, actvprof=,2.272301, id=,B28, PRDE,actvstrat=,0.057202, actvprof=,2.067294, id=,B29, PRDE,actvstrat=,-1.000000, actvprof=,3.253169, id=,S00, JADE,actvstrat=,0.259788, actvprof=,8.156950, id=,S01, JADE,actvstrat=,0.055435, actvprof=,7.289975, id=,S02, JADE,actvstrat=,0.905678, actvprof=,11.049134, id=,S03, PRDE,actvstrat=,0.401977, actvprof=,8.694885, id=,S04, JADE,actvstrat=,-0.109462, actvprof=,5.816591, id=,S05, JADE,actvstrat=,-0.675878, actvprof=,4.185562, id=,S06, JADE,actvstrat=,-0.778052, actvprof=,3.234279, id=,S07, JADE,actvstrat=,-0.048424, actvprof=,6.286468, id=,S08, PRDE,actvstrat=,0.365653, actvprof=,8.589465, id=,S09, JADE,actvstrat=,0.652697, actvprof=,10.185493, id=,S10, PRDE,actvstrat=,0.795521, actvprof=,10.918990, id=,S11, PRDE,actvstrat=,0.215843, actvprof=,7.839578, id=,S12, PRDE,actvstrat=,0.357292, actvprof=,8.542936, id=,S13, PRDE,actvstrat=,0.800662, actvprof=,10.800514, id=,S14, PRDE,actvstrat=,-0.253453, actvprof=,4.763082, id=,S15, JADE,actvstrat=,0.269324, actvprof=,8.380708, id=,S16, PRDE,actvstrat=,-0.845030, actvprof=,1.708254, id=,S17, JADE,actvstrat=,0.688969, actvprof=,10.384666, id=,S18, PRDE,actvstrat=,0.000194, actvprof=,6.765096, id=,S19, PRDE,actvstrat=,0.658170, actvprof=,10.009236, id=,S20, JADE,actvstrat=,-0.393395, actvprof=,4.856141, id=,S21, PRDE,actvstrat=,0.933048, actvprof=,11.234557, id=,S22, PRDE,actvstrat=,-0.087074, actvprof=,5.860759, id=,S23, PRDE,actvstrat=,-0.529913, actvprof=,5.117678, id=,S24, JADE,actvstrat=,-0.305500, actvprof=,4.830168, id=,S25, PRDE,actvstrat=,0.973918, actvprof=,11.048439, id=,S26, PRDE,actvstrat=,1.000000, actvprof=,11.043300, id=,S27, JADE,actvstrat=,0.164247, actvprof=,7.816799, id=,S28, JADE,actvstrat=,-0.444487, actvprof=,4.662384, id=,S29, JADE,actvstrat=,0.276527, actvprof=,8.223758, best_B_id=,B10, best_B_prof=,3.851245, best_B_strat=,-0.839909, best_S_id=,S21, best_S_prof=,11.234557, best_S_strat=,0.933048, 
t=,68400, id=,B00, JADE,actvstrat=,0.874156, actvprof=,2.203774, id=,B01, JADE,actvstrat=,0.374365, actvprof=,2.239055, id=,B02, JADE,actvstrat=,0.504000, actvprof=,2.432125, id=,B03, JADE,actvstrat=,0.465978, actvprof=,2.398789, id=,B04, JADE,actvstrat=,0.437740, actvprof=,2.413512, id=,B05, JADE,actvstrat=,0.424496, actvprof=,2.205997, id=,B06, PRDE,actvstrat=,-0.996544, actvprof=,2.969942, id=,B07, PRDE,actvstrat=,1.000000, actvprof=,1.348989, id=,B08, PRDE,actvstrat=,-1.000000, actvprof=,3.128843, id=,B09, JADE,actvstrat=,1.000000, actvprof=,1.313708, id=,B10, JADE,actvstrat=,-1.000000, actvprof=,3.029669, id=,B11, PRDE,actvstrat=,-0.858484, actvprof=,3.265797, id=,B12, PRDE,actvstrat=,0.912123, actvprof=,2.065709, id=,B13, PRDE,actvstrat=,-1.000000, actvprof=,2.996333, id=,B14, JADE,actvstrat=,-0.695985, actvprof=,2.386566, id=,B15, PRDE,actvstrat=,1.000000, actvprof=,1.422328, id=,B16, PRDE,actvstrat=,1.000000, actvprof=,1.301485, id=,B17, JADE,actvstrat=,-0.189100, actvprof=,1.838747, id=,B18, JADE,actvstrat=,0.020441, actvprof=,2.024594, id=,B19, PRDE,actvstrat=,-0.937748, actvprof=,2.987166, id=,B20, PRDE,actvstrat=,-1.000000, actvprof=,2.953830, id=,B21, PRDE,actvstrat=,-1.000000, actvprof=,3.107452, id=,B22, PRDE,actvstrat=,-0.920092, actvprof=,3.225795, id=,B23, JADE,actvstrat=,-1.000000, actvprof=,2.738536, id=,B24, JADE,actvstrat=,-0.226302, actvprof=,1.888751, id=,B25, JADE,actvstrat=,-0.622525, actvprof=,2.251833, id=,B26, JADE,actvstrat=,-0.616917, actvprof=,2.104323, id=,B27, PRDE,actvstrat=,-0.066487, actvprof=,1.919031, id=,B28, PRDE,actvstrat=,0.282182, actvprof=,2.229887, id=,B29, PRDE,actvstrat=,-1.000000, actvprof=,2.874102, id=,S00, JADE,actvstrat=,0.623208, actvprof=,10.067690, id=,S01, JADE,actvstrat=,0.163144, actvprof=,7.339433, id=,S02, JADE,actvstrat=,1.000000, actvprof=,11.494463, id=,S03, PRDE,actvstrat=,0.973565, actvprof=,11.472516, id=,S04, JADE,actvstrat=,-0.291970, actvprof=,4.341988, id=,S05, JADE,actvstrat=,0.073432, actvprof=,7.267483, id=,S06, JADE,actvstrat=,0.169310, actvprof=,7.191922, id=,S07, JADE,actvstrat=,-0.288596, actvprof=,4.615342, id=,S08, PRDE,actvstrat=,0.572797, actvprof=,9.681550, id=,S09, JADE,actvstrat=,0.112697, actvprof=,7.076080, id=,S10, PRDE,actvstrat=,-0.524797, actvprof=,4.268650, id=,S11, PRDE,actvstrat=,1.000000, actvprof=,11.661419, id=,S12, PRDE,actvstrat=,1.000000, actvprof=,11.627528, id=,S13, PRDE,actvstrat=,-1.000000, actvprof=,10.159641, id=,S14, PRDE,actvstrat=,0.405758, actvprof=,8.699533, id=,S15, JADE,actvstrat=,0.775767, actvprof=,10.903030, id=,S16, PRDE,actvstrat=,0.946618, actvprof=,11.712534, id=,S17, JADE,actvstrat=,1.000000, actvprof=,11.440014, id=,S18, PRDE,actvstrat=,-1.000000, actvprof=,9.563208, id=,S19, PRDE,actvstrat=,1.000000, actvprof=,11.398622, id=,S20, JADE,actvstrat=,0.636204, actvprof=,10.038799, id=,S21, PRDE,actvstrat=,0.085590, actvprof=,7.345266, id=,S22, PRDE,actvstrat=,0.321307, actvprof=,8.841488, id=,S23, PRDE,actvstrat=,-1.000000, actvprof=,9.661549, id=,S24, JADE,actvstrat=,-0.116652, actvprof=,5.106489, id=,S25, PRDE,actvstrat=,-1.000000, actvprof=,9.712664, id=,S26, PRDE,actvstrat=,-1.000000, actvprof=,9.739610, id=,S27, JADE,actvstrat=,0.904965, actvprof=,11.534188, id=,S28, JADE,actvstrat=,-0.442062, actvprof=,4.002241, id=,S29, JADE,actvstrat=,0.432555, actvprof=,8.971220, best_B_id=,B11, best_B_prof=,3.265797, best_B_strat=,-0.858484, best_S_id=,S16, best_S_prof=,11.712534, best_S_strat=,0.946618, 
