t=,1, id=,B00, PRDE,actvstrat=,0.662509, actvprof=,0.000000, id=,B01, JADE,actvstrat=,-0.898877, actvprof=,0.000000, id=,B02, PRDE,actvstrat=,0.905175, actvprof=,0.000000, id=,B03, PRDE,actvstrat=,0.380999, actvprof=,0.000000, id=,B04, JADE,actvstrat=,0.567798, actvprof=,0.000000, id=,B05, JADE,actvstrat=,0.372704, actvprof=,0.000000, id=,B06, JADE,actvstrat=,-0.836578, actvprof=,0.000000, id=,B07, JADE,actvstrat=,-0.830479, actvprof=,0.000000, id=,B08, PRDE,actvstrat=,0.753801, actvprof=,0.000000, id=,B09, JADE,actvstrat=,0.082138, actvprof=,0.000000, id=,B10, JADE,actvstrat=,-0.187227, actvprof=,0.000000, id=,B11, JADE,actvstrat=,-0.536230, actvprof=,0.000000, id=,B12, JADE,actvstrat=,-0.256204, actvprof=,0.000000, id=,B13, JADE,actvstrat=,-0.983338, actvprof=,0.000000, id=,B14, JADE,actvstrat=,-0.189523, actvprof=,0.000000, id=,B15, JADE,actvstrat=,0.766252, actvprof=,0.000000, id=,B16, PRDE,actvstrat=,-0.338212, actvprof=,0.000000, id=,B17, PRDE,actvstrat=,0.921489, actvprof=,0.000000, id=,B18, PRDE,actvstrat=,-0.138326, actvprof=,0.000000, id=,B19, PRDE,actvstrat=,-0.617496, actvprof=,0.000000, id=,B20, PRDE,actvstrat=,-0.136170, actvprof=,0.000000, id=,B21, JADE,actvstrat=,0.359881, actvprof=,0.000000, id=,B22, JADE,actvstrat=,-0.501210, actvprof=,0.000000, id=,B23, PRDE,actvstrat=,0.324429, actvprof=,0.000000, id=,B24, PRDE,actvstrat=,0.683358, actvprof=,0.000000, id=,B25, JADE,actvstrat=,0.320090, actvprof=,0.000000, id=,B26, PRDE,actvstrat=,-0.998136, actvprof=,0.000000, id=,B27, PRDE,actvstrat=,-0.332868, actvprof=,0.000000, id=,B28, PRDE,actvstrat=,-0.490730, actvprof=,0.000000, id=,B29, PRDE,actvstrat=,0.400467, actvprof=,0.000000, id=,S00, JADE,actvstrat=,-0.202194, actvprof=,0.000000, id=,S01, PRDE,actvstrat=,0.761043, actvprof=,0.000000, id=,S02, PRDE,actvstrat=,-0.408045, actvprof=,0.000000, id=,S03, PRDE,actvstrat=,0.415799, actvprof=,0.000000, id=,S04, PRDE,actvstrat=,-0.354797, actvprof=,0.000000, id=,S05, JADE,actvstrat=,-0.595319, actvprof=,0.000000, id=,S06, JADE,actvstrat=,0.926679, actvprof=,0.000000, id=,S07, JADE,actvstrat=,-0.094703, actvprof=,0.000000, id=,S08, PRDE,actvstrat=,-0.202566, actvprof=,0.000000, id=,S09, JADE,actvstrat=,-0.886503, actvprof=,0.000000, id=,S10, JADE,actvstrat=,0.949279, actvprof=,0.000000, id=,S11, PRDE,actvstrat=,-0.847885, actvprof=,0.000000, id=,S12, PRDE,actvstrat=,0.628314, actvprof=,0.000000, id=,S13, JADE,actvstrat=,-0.835955, actvprof=,0.000000, id=,S14, JADE,actvstrat=,-0.541032, actvprof=,0.000000, id=,S15, PRDE,actvstrat=,0.804548, actvprof=,0.000000, id=,S16, JADE,actvstrat=,-0.863816, actvprof=,0.000000, id=,S17, PRDE,actvstrat=,0.889340, actvprof=,0.000000, id=,S18, JADE,actvstrat=,0.999013, actvprof=,0.000000, id=,S19, JADE,actvstrat=,0.283122, actvprof=,0.000000, id=,S20, PRDE,actvstrat=,-0.690761, actvprof=,0.000000, id=,S21, PRDE,actvstrat=,-0.201513, actvprof=,0.000000, id=,S22, JADE,actvstrat=,-0.947439, actvprof=,0.000000, id=,S23, PRDE,actvstrat=,-0.545144, actvprof=,0.000000, id=,S24, PRDE,actvstrat=,0.432502, actvprof=,0.000000, id=,S25, PRDE,actvstrat=,-0.453822, actvprof=,0.000000, id=,S26, JADE,actvstrat=,0.923180, actvprof=,0.000000, id=,S27, JADE,actvstrat=,0.099993, actvprof=,0.000000, id=,S28, PRDE,actvstrat=,-0.140928, actvprof=,0.000000, id=,S29, JADE,actvstrat=,0.441714, actvprof=,0.000000, best_B_id=,B00, best_B_prof=,0.000000, best_B_strat=,0.662509, best_S_id=,S00, best_S_prof=,0.000000, best_S_strat=,-0.202194, 
t=,3600, id=,B00, PRDE,actvstrat=,0.662509, actvprof=,0.000000, id=,B01, JADE,actvstrat=,-0.898877, actvprof=,0.000000, id=,B02, PRDE,actvstrat=,0.905175, actvprof=,0.000000, id=,B03, PRDE,actvstrat=,0.380999, actvprof=,0.000000, id=,B04, JADE,actvstrat=,0.567798, actvprof=,0.000000, id=,B05, JADE,actvstrat=,0.372704, actvprof=,0.000000, id=,B06, JADE,actvstrat=,-0.836578, actvprof=,0.000000, id=,B07, JADE,actvstrat=,-0.830479, actvprof=,0.000000, id=,B08, PRDE,actvstrat=,0.753801, actvprof=,0.001111, id=,B09, JADE,actvstrat=,0.082138, actvprof=,0.000000, id=,B10, JADE,actvstrat=,-0.187227, actvprof=,0.000000, id=,B11, JADE,actvstrat=,-0.536230, actvprof=,0.004444, id=,B12, JADE,actvstrat=,-0.256204, actvprof=,0.009444, id=,B13, JADE,actvstrat=,-0.983338, actvprof=,0.129444, id=,B14, JADE,actvstrat=,-0.189523, actvprof=,0.018056, id=,B15, JADE,actvstrat=,0.766252, actvprof=,0.213611, id=,B16, PRDE,actvstrat=,-0.338212, actvprof=,0.062500, id=,B17, PRDE,actvstrat=,0.921489, actvprof=,0.322500, id=,B18, PRDE,actvstrat=,-0.138326, actvprof=,0.222222, id=,B19, PRDE,actvstrat=,-0.617496, actvprof=,0.295278, id=,B20, PRDE,actvstrat=,-0.136170, actvprof=,0.450833, id=,B21, JADE,actvstrat=,0.359881, actvprof=,0.669167, id=,B22, JADE,actvstrat=,-0.501210, actvprof=,0.666667, id=,B23, PRDE,actvstrat=,0.324429, actvprof=,1.105833, id=,B24, PRDE,actvstrat=,0.683358, actvprof=,1.418889, id=,B25, JADE,actvstrat=,0.320090, actvprof=,1.486667, id=,B26, PRDE,actvstrat=,-0.998136, actvprof=,2.386944, id=,B27, PRDE,actvstrat=,-0.332868, actvprof=,1.590833, id=,B28, PRDE,actvstrat=,-0.490730, actvprof=,1.774167, id=,B29, PRDE,actvstrat=,0.400467, actvprof=,2.410000, id=,S00, JADE,actvstrat=,-0.202194, actvprof=,2.444722, id=,S01, PRDE,actvstrat=,0.761043, actvprof=,3.850833, id=,S02, PRDE,actvstrat=,-0.408045, actvprof=,1.853056, id=,S03, PRDE,actvstrat=,0.415799, actvprof=,2.876389, id=,S04, PRDE,actvstrat=,-0.354797, actvprof=,1.204722, id=,S05, JADE,actvstrat=,-0.595319, actvprof=,0.988889, id=,S06, JADE,actvstrat=,0.926679, actvprof=,2.377778, id=,S07, JADE,actvstrat=,-0.094703, actvprof=,1.029167, id=,S08, PRDE,actvstrat=,-0.202566, actvprof=,0.792222, id=,S09, JADE,actvstrat=,-0.886503, actvprof=,0.150000, id=,S10, JADE,actvstrat=,0.949279, actvprof=,1.486111, id=,S11, PRDE,actvstrat=,-0.847885, actvprof=,0.058333, id=,S12, PRDE,actvstrat=,0.628314, actvprof=,0.918611, id=,S13, JADE,actvstrat=,-0.835955, actvprof=,0.048889, id=,S14, JADE,actvstrat=,-0.541032, actvprof=,0.110556, id=,S15, PRDE,actvstrat=,0.804548, actvprof=,0.661667, id=,S16, JADE,actvstrat=,-0.863816, actvprof=,0.005833, id=,S17, PRDE,actvstrat=,0.889340, actvprof=,0.488611, id=,S18, JADE,actvstrat=,0.999013, actvprof=,0.256111, id=,S19, JADE,actvstrat=,0.283122, actvprof=,0.072500, id=,S20, PRDE,actvstrat=,-0.690761, actvprof=,0.010278, id=,S21, PRDE,actvstrat=,-0.201513, actvprof=,0.008056, id=,S22, JADE,actvstrat=,-0.947439, actvprof=,0.007222, id=,S23, PRDE,actvstrat=,-0.545144, actvprof=,0.000000, id=,S24, PRDE,actvstrat=,0.432502, actvprof=,0.003611, id=,S25, PRDE,actvstrat=,-0.453822, actvprof=,0.000000, id=,S26, JADE,actvstrat=,0.923180, actvprof=,0.005833, id=,S27, JADE,actvstrat=,0.099993, actvprof=,0.000556, id=,S28, PRDE,actvstrat=,-0.140928, actvprof=,0.000000, id=,S29, JADE,actvstrat=,0.441714, actvprof=,0.000000, best_B_id=,B29, best_B_prof=,2.410000, best_B_strat=,0.400467, best_S_id=,S01, best_S_prof=,3.850833, best_S_strat=,0.761043, 
t=,7200, id=,B00, PRDE,actvstrat=,0.153716, actvprof=,0.000000, id=,B01, JADE,actvstrat=,0.275660, actvprof=,0.000000, id=,B02, PRDE,actvstrat=,-0.938968, actvprof=,0.000000, id=,B03, PRDE,actvstrat=,0.591871, actvprof=,0.000000, id=,B04, JADE,actvstrat=,-0.709415, actvprof=,0.000000, id=,B05, JADE,actvstrat=,0.025966, actvprof=,0.000000, id=,B06, JADE,actvstrat=,-0.667655, actvprof=,0.000000, id=,B07, JADE,actvstrat=,-0.347165, actvprof=,0.000000, id=,B08, PRDE,actvstrat=,0.037822, actvprof=,0.000000, id=,B09, JADE,actvstrat=,0.943496, actvprof=,0.000000, id=,B10, JADE,actvstrat=,0.431844, actvprof=,0.000000, id=,B11, JADE,actvstrat=,0.151648, actvprof=,0.000000, id=,B12, JADE,actvstrat=,-0.388293, actvprof=,0.000000, id=,B13, JADE,actvstrat=,0.854809, actvprof=,0.000000, id=,B14, JADE,actvstrat=,-0.501443, actvprof=,0.000000, id=,B15, JADE,actvstrat=,-0.688406, actvprof=,0.000000, id=,B16, PRDE,actvstrat=,0.456218, actvprof=,0.000000, id=,B17, PRDE,actvstrat=,-0.105605, actvprof=,0.000000, id=,B18, PRDE,actvstrat=,-0.946919, actvprof=,0.000000, id=,B19, PRDE,actvstrat=,0.344143, actvprof=,0.000000, id=,B20, PRDE,actvstrat=,0.009428, actvprof=,0.000000, id=,B21, JADE,actvstrat=,0.683331, actvprof=,0.000000, id=,B22, JADE,actvstrat=,-0.243004, actvprof=,0.000000, id=,B23, PRDE,actvstrat=,0.021198, actvprof=,0.000000, id=,B24, PRDE,actvstrat=,-0.102864, actvprof=,0.000000, id=,B25, JADE,actvstrat=,-0.465662, actvprof=,0.000000, id=,B26, PRDE,actvstrat=,0.308716, actvprof=,0.000000, id=,B27, PRDE,actvstrat=,-0.053624, actvprof=,0.000000, id=,B28, PRDE,actvstrat=,0.006605, actvprof=,0.000000, id=,B29, PRDE,actvstrat=,-0.054430, actvprof=,0.000000, id=,S00, JADE,actvstrat=,-0.143528, actvprof=,0.000000, id=,S01, PRDE,actvstrat=,0.327664, actvprof=,0.000000, id=,S02, PRDE,actvstrat=,-0.165541, actvprof=,0.000000, id=,S03, PRDE,actvstrat=,0.580841, actvprof=,0.000000, id=,S04, PRDE,actvstrat=,-0.768735, actvprof=,0.000000, id=,S05, JADE,actvstrat=,0.658117, actvprof=,0.000000, id=,S06, JADE,actvstrat=,-0.142380, actvprof=,0.000000, id=,S07, JADE,actvstrat=,0.209806, actvprof=,0.000000, id=,S08, PRDE,actvstrat=,-0.965542, actvprof=,0.000000, id=,S09, JADE,actvstrat=,0.335226, actvprof=,0.000000, id=,S10, JADE,actvstrat=,-0.602283, actvprof=,0.000000, id=,S11, PRDE,actvstrat=,0.433336, actvprof=,0.000000, id=,S12, PRDE,actvstrat=,0.824137, actvprof=,0.000000, id=,S13, JADE,actvstrat=,0.438482, actvprof=,0.000000, id=,S14, JADE,actvstrat=,-0.294193, actvprof=,0.000000, id=,S15, PRDE,actvstrat=,0.316812, actvprof=,0.000000, id=,S16, JADE,actvstrat=,-0.034666, actvprof=,0.000000, id=,S17, PRDE,actvstrat=,-0.468298, actvprof=,0.000000, id=,S18, JADE,actvstrat=,0.226671, actvprof=,0.000000, id=,S19, JADE,actvstrat=,-0.423584, actvprof=,0.000000, id=,S20, PRDE,actvstrat=,-0.509515, actvprof=,0.000000, id=,S21, PRDE,actvstrat=,-0.034171, actvprof=,0.000000, id=,S22, JADE,actvstrat=,-0.406683, actvprof=,0.000000, id=,S23, PRDE,actvstrat=,0.427369, actvprof=,0.000000, id=,S24, PRDE,actvstrat=,0.763142, actvprof=,0.000000, id=,S25, PRDE,actvstrat=,0.669239, actvprof=,0.000000, id=,S26, JADE,actvstrat=,0.272799, actvprof=,0.000000, id=,S27, JADE,actvstrat=,-0.459077, actvprof=,0.000000, id=,S28, PRDE,actvstrat=,0.001346, actvprof=,0.000000, id=,S29, JADE,actvstrat=,0.437343, actvprof=,0.000000, best_B_id=,B00, best_B_prof=,0.000000, best_B_strat=,0.153716, best_S_id=,S00, best_S_prof=,0.000000, best_S_strat=,-0.143528, 
t=,10800, id=,B00, PRDE,actvstrat=,0.153716, actvprof=,0.000000, id=,B01, JADE,actvstrat=,0.275660, actvprof=,0.000000, id=,B02, PRDE,actvstrat=,-0.938968, actvprof=,0.000000, id=,B03, PRDE,actvstrat=,0.591871, actvprof=,0.000000, id=,B04, JADE,actvstrat=,-0.709415, actvprof=,0.000000, id=,B05, JADE,actvstrat=,0.025966, actvprof=,0.000000, id=,B06, JADE,actvstrat=,-0.667655, actvprof=,0.000000, id=,B07, JADE,actvstrat=,-0.347165, actvprof=,0.000000, id=,B08, PRDE,actvstrat=,0.037822, actvprof=,0.000000, id=,B09, JADE,actvstrat=,0.943496, actvprof=,0.003611, id=,B10, JADE,actvstrat=,0.431844, actvprof=,0.000556, id=,B11, JADE,actvstrat=,0.151648, actvprof=,0.003056, id=,B12, JADE,actvstrat=,-0.388293, actvprof=,0.004167, id=,B13, JADE,actvstrat=,0.854809, actvprof=,0.099167, id=,B14, JADE,actvstrat=,-0.501443, actvprof=,0.008611, id=,B15, JADE,actvstrat=,-0.688406, actvprof=,0.044167, id=,B16, PRDE,actvstrat=,0.456218, actvprof=,0.220278, id=,B17, PRDE,actvstrat=,-0.105605, actvprof=,0.120833, id=,B18, PRDE,actvstrat=,-0.946919, actvprof=,0.648889, id=,B19, PRDE,actvstrat=,0.344143, actvprof=,0.481667, id=,B20, PRDE,actvstrat=,0.009428, actvprof=,0.459722, id=,B21, JADE,actvstrat=,0.683331, actvprof=,0.837222, id=,B22, JADE,actvstrat=,-0.243004, actvprof=,0.666667, id=,B23, PRDE,actvstrat=,0.021198, actvprof=,0.862222, id=,B24, PRDE,actvstrat=,-0.102864, actvprof=,1.008889, id=,B25, JADE,actvstrat=,-0.465662, actvprof=,1.071944, id=,B26, PRDE,actvstrat=,0.308716, actvprof=,1.538889, id=,B27, PRDE,actvstrat=,-0.053624, actvprof=,1.631944, id=,B28, PRDE,actvstrat=,0.006605, actvprof=,1.801389, id=,B29, PRDE,actvstrat=,-0.054430, actvprof=,2.038889, id=,S00, JADE,actvstrat=,-0.143528, actvprof=,2.319722, id=,S01, PRDE,actvstrat=,0.327664, actvprof=,3.394167, id=,S02, PRDE,actvstrat=,-0.165541, actvprof=,1.868056, id=,S03, PRDE,actvstrat=,0.580841, actvprof=,2.993333, id=,S04, PRDE,actvstrat=,-0.768735, actvprof=,0.774722, id=,S05, JADE,actvstrat=,0.658117, actvprof=,2.724444, id=,S06, JADE,actvstrat=,-0.142380, actvprof=,1.084167, id=,S07, JADE,actvstrat=,0.209806, actvprof=,1.634722, id=,S08, PRDE,actvstrat=,-0.965542, actvprof=,1.094167, id=,S09, JADE,actvstrat=,0.335226, actvprof=,1.380833, id=,S10, JADE,actvstrat=,-0.602283, actvprof=,0.562500, id=,S11, PRDE,actvstrat=,0.433336, actvprof=,0.952222, id=,S12, PRDE,actvstrat=,0.824137, actvprof=,1.293611, id=,S13, JADE,actvstrat=,0.438482, actvprof=,0.707778, id=,S14, JADE,actvstrat=,-0.294193, actvprof=,0.135833, id=,S15, PRDE,actvstrat=,0.316812, actvprof=,0.346944, id=,S16, JADE,actvstrat=,-0.034666, actvprof=,0.145556, id=,S17, PRDE,actvstrat=,-0.468298, actvprof=,0.040556, id=,S18, JADE,actvstrat=,0.226671, actvprof=,0.138611, id=,S19, JADE,actvstrat=,-0.423584, actvprof=,0.008611, id=,S20, PRDE,actvstrat=,-0.509515, actvprof=,0.005556, id=,S21, PRDE,actvstrat=,-0.034171, actvprof=,0.015556, id=,S22, JADE,actvstrat=,-0.406683, actvprof=,0.001667, id=,S23, PRDE,actvstrat=,0.427369, actvprof=,0.011667, id=,S24, PRDE,actvstrat=,0.763142, actvprof=,0.011389, id=,S25, PRDE,actvstrat=,0.669239, actvprof=,0.004167, id=,S26, JADE,actvstrat=,0.272799, actvprof=,0.002222, id=,S27, JADE,actvstrat=,-0.459077, actvprof=,0.000000, id=,S28, PRDE,actvstrat=,0.001346, actvprof=,0.000000, id=,S29, JADE,actvstrat=,0.437343, actvprof=,0.000000, best_B_id=,B29, best_B_prof=,2.038889, best_B_strat=,-0.054430, best_S_id=,S01, best_S_prof=,3.394167, best_S_strat=,0.327664, 
t=,14400, id=,B00, PRDE,actvstrat=,0.153716, actvprof=,0.000000, id=,B01, JADE,actvstrat=,0.275660, actvprof=,0.000000, id=,B02, PRDE,actvstrat=,-0.938968, actvprof=,0.000000, id=,B03, PRDE,actvstrat=,0.591871, actvprof=,0.000000, id=,B04, JADE,actvstrat=,-0.709415, actvprof=,0.000000, id=,B05, JADE,actvstrat=,0.025966, actvprof=,0.000000, id=,B06, JADE,actvstrat=,-0.667655, actvprof=,0.000000, id=,B07, JADE,actvstrat=,-0.347165, actvprof=,0.000000, id=,B08, PRDE,actvstrat=,0.037822, actvprof=,0.000000, id=,B09, JADE,actvstrat=,0.943496, actvprof=,0.004167, id=,B10, JADE,actvstrat=,0.431844, actvprof=,0.000694, id=,B11, JADE,actvstrat=,0.151648, actvprof=,0.003889, id=,B12, JADE,actvstrat=,-0.388293, actvprof=,0.004722, id=,B13, JADE,actvstrat=,0.854809, actvprof=,0.098889, id=,B14, JADE,actvstrat=,-0.501443, actvprof=,0.014722, id=,B15, JADE,actvstrat=,-0.688406, actvprof=,0.040139, id=,B16, PRDE,actvstrat=,0.456218, actvprof=,0.210556, id=,B17, PRDE,actvstrat=,-0.105605, actvprof=,0.122361, id=,B18, PRDE,actvstrat=,-0.946919, actvprof=,0.664167, id=,B19, PRDE,actvstrat=,0.344143, actvprof=,0.470278, id=,B20, PRDE,actvstrat=,0.009428, actvprof=,0.476111, id=,B21, JADE,actvstrat=,0.683331, actvprof=,0.793889, id=,B22, JADE,actvstrat=,-0.243004, actvprof=,0.635278, id=,B23, PRDE,actvstrat=,0.021198, actvprof=,0.844306, id=,B24, PRDE,actvstrat=,-0.102864, actvprof=,1.093194, id=,B25, JADE,actvstrat=,-0.465662, actvprof=,1.112222, id=,B26, PRDE,actvstrat=,0.308716, actvprof=,1.528889, id=,B27, PRDE,actvstrat=,-0.053624, actvprof=,1.611667, id=,B28, PRDE,actvstrat=,0.006605, actvprof=,1.764444, id=,B29, PRDE,actvstrat=,-0.054430, actvprof=,2.120833, id=,S00, JADE,actvstrat=,-0.143528, actvprof=,2.300000, id=,S01, PRDE,actvstrat=,0.327664, actvprof=,3.385833, id=,S02, PRDE,actvstrat=,-0.165541, actvprof=,1.900972, id=,S03, PRDE,actvstrat=,0.580841, actvprof=,3.075694, id=,S04, PRDE,actvstrat=,-0.768735, actvprof=,0.803333, id=,S05, JADE,actvstrat=,0.658117, actvprof=,2.709306, id=,S06, JADE,actvstrat=,-0.142380, actvprof=,1.032500, id=,S07, JADE,actvstrat=,0.209806, actvprof=,1.648472, id=,S08, PRDE,actvstrat=,-0.965542, actvprof=,1.130000, id=,S09, JADE,actvstrat=,0.335226, actvprof=,1.306250, id=,S10, JADE,actvstrat=,-0.602283, actvprof=,0.454306, id=,S11, PRDE,actvstrat=,0.433336, actvprof=,1.024444, id=,S12, PRDE,actvstrat=,0.824137, actvprof=,1.251944, id=,S13, JADE,actvstrat=,0.438482, actvprof=,0.702361, id=,S14, JADE,actvstrat=,-0.294193, actvprof=,0.152500, id=,S15, PRDE,actvstrat=,0.316812, actvprof=,0.357917, id=,S16, JADE,actvstrat=,-0.034666, actvprof=,0.152083, id=,S17, PRDE,actvstrat=,-0.468298, actvprof=,0.034861, id=,S18, JADE,actvstrat=,0.226671, actvprof=,0.132917, id=,S19, JADE,actvstrat=,-0.423584, actvprof=,0.008611, id=,S20, PRDE,actvstrat=,-0.509515, actvprof=,0.011250, id=,S21, PRDE,actvstrat=,-0.034171, actvprof=,0.016667, id=,S22, JADE,actvstrat=,-0.406683, actvprof=,0.000833, id=,S23, PRDE,actvstrat=,0.427369, actvprof=,0.009722, id=,S24, PRDE,actvstrat=,0.763142, actvprof=,0.014444, id=,S25, PRDE,actvstrat=,0.669239, actvprof=,0.004444, id=,S26, JADE,actvstrat=,0.272799, actvprof=,0.001111, id=,S27, JADE,actvstrat=,-0.459077, actvprof=,0.000000, id=,S28, PRDE,actvstrat=,0.001346, actvprof=,0.000000, id=,S29, JADE,actvstrat=,0.437343, actvprof=,0.000000, best_B_id=,B29, best_B_prof=,2.120833, best_B_strat=,-0.054430, best_S_id=,S01, best_S_prof=,3.385833, best_S_strat=,0.327664, 
t=,18000, id=,B00, PRDE,actvstrat=,0.636306, actvprof=,0.000000, id=,B01, JADE,actvstrat=,0.933261, actvprof=,0.000000, id=,B02, PRDE,actvstrat=,-0.618856, actvprof=,0.000000, id=,B03, PRDE,actvstrat=,-0.703925, actvprof=,0.000000, id=,B04, JADE,actvstrat=,0.576261, actvprof=,0.000000, id=,B05, JADE,actvstrat=,-0.218434, actvprof=,0.000000, id=,B06, JADE,actvstrat=,-0.983848, actvprof=,0.002778, id=,B07, JADE,actvstrat=,-0.711691, actvprof=,0.001111, id=,B08, PRDE,actvstrat=,0.569643, actvprof=,0.005833, id=,B09, JADE,actvstrat=,0.549580, actvprof=,0.012778, id=,B10, JADE,actvstrat=,0.433655, actvprof=,0.027222, id=,B11, JADE,actvstrat=,-0.541515, actvprof=,0.024722, id=,B12, JADE,actvstrat=,-0.388293, actvprof=,0.038334, id=,B13, JADE,actvstrat=,0.301399, actvprof=,0.131667, id=,B14, JADE,actvstrat=,-0.396021, actvprof=,0.090834, id=,B15, JADE,actvstrat=,-0.078213, actvprof=,0.229446, id=,B16, PRDE,actvstrat=,0.998284, actvprof=,0.164723, id=,B17, PRDE,actvstrat=,-0.156361, actvprof=,0.266390, id=,B18, PRDE,actvstrat=,0.760288, actvprof=,0.768615, id=,B19, PRDE,actvstrat=,0.344143, actvprof=,0.783059, id=,B20, PRDE,actvstrat=,0.994728, actvprof=,0.571392, id=,B21, JADE,actvstrat=,0.272839, actvprof=,1.001949, id=,B22, JADE,actvstrat=,0.161120, actvprof=,1.171394, id=,B23, PRDE,actvstrat=,-0.724660, actvprof=,1.360840, id=,B24, PRDE,actvstrat=,-0.102864, actvprof=,1.498896, id=,B25, JADE,actvstrat=,-0.465662, actvprof=,1.570841, id=,B26, PRDE,actvstrat=,0.067056, actvprof=,1.984454, id=,B27, PRDE,actvstrat=,-0.053624, actvprof=,2.103343, id=,B28, PRDE,actvstrat=,-0.193666, actvprof=,2.291399, id=,B29, PRDE,actvstrat=,-0.427036, actvprof=,2.667235, id=,S00, JADE,actvstrat=,0.565885, actvprof=,3.335015, id=,S01, PRDE,actvstrat=,-0.598778, actvprof=,1.477785, id=,S02, PRDE,actvstrat=,0.669212, actvprof=,3.115848, id=,S03, PRDE,actvstrat=,0.451344, actvprof=,2.459178, id=,S04, PRDE,actvstrat=,0.507006, actvprof=,2.336677, id=,S05, JADE,actvstrat=,-0.999241, actvprof=,2.833624, id=,S06, JADE,actvstrat=,0.926679, actvprof=,2.157788, id=,S07, JADE,actvstrat=,0.678964, actvprof=,1.768619, id=,S08, PRDE,actvstrat=,-0.111584, actvprof=,0.561391, id=,S09, JADE,actvstrat=,0.806068, actvprof=,1.541674, id=,S10, JADE,actvstrat=,0.011565, actvprof=,0.621670, id=,S11, PRDE,actvstrat=,0.433336, actvprof=,0.775837, id=,S12, PRDE,actvstrat=,0.824137, actvprof=,1.001394, id=,S13, JADE,actvstrat=,-0.088913, actvprof=,0.157223, id=,S14, JADE,actvstrat=,0.088209, actvprof=,0.258890, id=,S15, PRDE,actvstrat=,-0.512234, actvprof=,0.056389, id=,S16, JADE,actvstrat=,0.896082, actvprof=,0.487780, id=,S17, PRDE,actvstrat=,0.889340, actvprof=,0.385835, id=,S18, JADE,actvstrat=,-0.831281, actvprof=,0.006111, id=,S19, JADE,actvstrat=,-0.511399, actvprof=,0.001667, id=,S20, PRDE,actvstrat=,-0.577080, actvprof=,0.004167, id=,S21, PRDE,actvstrat=,0.054831, actvprof=,0.006667, id=,S22, JADE,actvstrat=,0.474038, actvprof=,0.008056, id=,S23, PRDE,actvstrat=,-0.482221, actvprof=,0.000000, id=,S24, PRDE,actvstrat=,0.865557, actvprof=,0.000833, id=,S25, PRDE,actvstrat=,0.002002, actvprof=,0.000000, id=,S26, JADE,actvstrat=,-0.912548, actvprof=,0.000000, id=,S27, JADE,actvstrat=,0.969034, actvprof=,0.000833, id=,S28, PRDE,actvstrat=,0.154040, actvprof=,0.000000, id=,S29, JADE,actvstrat=,-0.179339, actvprof=,0.000000, best_B_id=,B29, best_B_prof=,2.667235, best_B_strat=,-0.427036, best_S_id=,S00, best_S_prof=,3.335015, best_S_strat=,0.565885, 
t=,21600, id=,B00, PRDE,actvstrat=,0.636306, actvprof=,0.000000, id=,B01, JADE,actvstrat=,0.933261, actvprof=,0.000000, id=,B02, PRDE,actvstrat=,-0.618856, actvprof=,0.000000, id=,B03, PRDE,actvstrat=,-0.703925, actvprof=,0.000000, id=,B04, JADE,actvstrat=,0.576261, actvprof=,0.000000, id=,B05, JADE,actvstrat=,-0.218434, actvprof=,0.000000, id=,B06, JADE,actvstrat=,-0.983848, actvprof=,0.003056, id=,B07, JADE,actvstrat=,-0.711691, actvprof=,0.000556, id=,B08, PRDE,actvstrat=,0.569643, actvprof=,0.005000, id=,B09, JADE,actvstrat=,0.549580, actvprof=,0.012083, id=,B10, JADE,actvstrat=,0.433655, actvprof=,0.035000, id=,B11, JADE,actvstrat=,-0.541515, actvprof=,0.020694, id=,B12, JADE,actvstrat=,-0.388293, actvprof=,0.039445, id=,B13, JADE,actvstrat=,0.301399, actvprof=,0.138750, id=,B14, JADE,actvstrat=,-0.396021, actvprof=,0.101528, id=,B15, JADE,actvstrat=,-0.078213, actvprof=,0.208195, id=,B16, PRDE,actvstrat=,0.998284, actvprof=,0.160278, id=,B17, PRDE,actvstrat=,-0.156361, actvprof=,0.320140, id=,B18, PRDE,actvstrat=,0.760288, actvprof=,0.737363, id=,B19, PRDE,actvstrat=,0.344143, actvprof=,0.800419, id=,B20, PRDE,actvstrat=,0.994728, actvprof=,0.550835, id=,B21, JADE,actvstrat=,0.272839, actvprof=,0.983058, id=,B22, JADE,actvstrat=,0.161120, actvprof=,1.187086, id=,B23, PRDE,actvstrat=,-0.724660, actvprof=,1.360003, id=,B24, PRDE,actvstrat=,-0.102864, actvprof=,1.512365, id=,B25, JADE,actvstrat=,-0.465662, actvprof=,1.641254, id=,B26, PRDE,actvstrat=,0.067056, actvprof=,1.995838, id=,B27, PRDE,actvstrat=,-0.053624, actvprof=,2.202922, id=,B28, PRDE,actvstrat=,-0.193666, actvprof=,2.353061, id=,B29, PRDE,actvstrat=,-0.427036, actvprof=,2.592923, id=,S00, JADE,actvstrat=,0.565885, actvprof=,3.370702, id=,S01, PRDE,actvstrat=,-0.598778, actvprof=,1.308614, id=,S02, PRDE,actvstrat=,0.669212, actvprof=,2.960840, id=,S03, PRDE,actvstrat=,0.451344, actvprof=,2.515006, id=,S04, PRDE,actvstrat=,0.507006, actvprof=,2.337644, id=,S05, JADE,actvstrat=,-0.999241, actvprof=,2.879868, id=,S06, JADE,actvstrat=,0.926679, actvprof=,2.167505, id=,S07, JADE,actvstrat=,0.678964, actvprof=,1.795282, id=,S08, PRDE,actvstrat=,-0.111584, actvprof=,0.565001, id=,S09, JADE,actvstrat=,0.806068, actvprof=,1.589309, id=,S10, JADE,actvstrat=,0.011565, actvprof=,0.674585, id=,S11, PRDE,actvstrat=,0.433336, actvprof=,0.786946, id=,S12, PRDE,actvstrat=,0.824137, actvprof=,1.002780, id=,S13, JADE,actvstrat=,-0.088913, actvprof=,0.155834, id=,S14, JADE,actvstrat=,0.088209, actvprof=,0.251528, id=,S15, PRDE,actvstrat=,-0.512234, actvprof=,0.052917, id=,S16, JADE,actvstrat=,0.896082, actvprof=,0.490140, id=,S17, PRDE,actvstrat=,0.889340, actvprof=,0.363473, id=,S18, JADE,actvstrat=,-0.831281, actvprof=,0.004861, id=,S19, JADE,actvstrat=,-0.511399, actvprof=,0.000972, id=,S20, PRDE,actvstrat=,-0.577080, actvprof=,0.002083, id=,S21, PRDE,actvstrat=,0.054831, actvprof=,0.005972, id=,S22, JADE,actvstrat=,0.474038, actvprof=,0.004861, id=,S23, PRDE,actvstrat=,-0.482221, actvprof=,0.000000, id=,S24, PRDE,actvstrat=,0.865557, actvprof=,0.001667, id=,S25, PRDE,actvstrat=,0.002002, actvprof=,0.000000, id=,S26, JADE,actvstrat=,-0.912548, actvprof=,0.000000, id=,S27, JADE,actvstrat=,0.969034, actvprof=,0.000417, id=,S28, PRDE,actvstrat=,0.154040, actvprof=,0.000000, id=,S29, JADE,actvstrat=,-0.179339, actvprof=,0.000000, best_B_id=,B29, best_B_prof=,2.592923, best_B_strat=,-0.427036, best_S_id=,S00, best_S_prof=,3.370702, best_S_strat=,0.565885, 
t=,25200, id=,B00, PRDE,actvstrat=,-0.426464, actvprof=,0.000000, id=,B01, JADE,actvstrat=,0.056578, actvprof=,0.000000, id=,B02, PRDE,actvstrat=,-0.611747, actvprof=,0.000000, id=,B03, PRDE,actvstrat=,-0.087749, actvprof=,0.000000, id=,B04, JADE,actvstrat=,0.679298, actvprof=,0.000000, id=,B05, JADE,actvstrat=,-0.081458, actvprof=,0.000000, id=,B06, JADE,actvstrat=,-0.767800, actvprof=,0.000000, id=,B07, JADE,actvstrat=,-0.641648, actvprof=,0.000000, id=,B08, PRDE,actvstrat=,0.327819, actvprof=,0.000278, id=,B09, JADE,actvstrat=,1.000000, actvprof=,0.009167, id=,B10, JADE,actvstrat=,0.228316, actvprof=,0.008889, id=,B11, JADE,actvstrat=,0.160121, actvprof=,0.011667, id=,B12, JADE,actvstrat=,-0.388293, actvprof=,0.010278, id=,B13, JADE,actvstrat=,-0.013901, actvprof=,0.054445, id=,B14, JADE,actvstrat=,-0.567318, actvprof=,0.066945, id=,B15, JADE,actvstrat=,0.229133, actvprof=,0.177224, id=,B16, PRDE,actvstrat=,1.000000, actvprof=,0.155557, id=,B17, PRDE,actvstrat=,-1.000000, actvprof=,0.429726, id=,B18, PRDE,actvstrat=,-1.000000, actvprof=,0.694451, id=,B19, PRDE,actvstrat=,1.000000, actvprof=,0.491393, id=,B20, PRDE,actvstrat=,-0.016949, actvprof=,0.732229, id=,B21, JADE,actvstrat=,0.495425, actvprof=,0.992231, id=,B22, JADE,actvstrat=,0.000855, actvprof=,1.041399, id=,B23, PRDE,actvstrat=,-0.779273, actvprof=,1.169455, id=,B24, PRDE,actvstrat=,1.000000, actvprof=,1.465569, id=,B25, JADE,actvstrat=,-0.465662, actvprof=,1.471958, id=,B26, PRDE,actvstrat=,-0.712664, actvprof=,1.666404, id=,B27, PRDE,actvstrat=,0.007671, actvprof=,2.252799, id=,B28, PRDE,actvstrat=,-0.164542, actvprof=,2.380578, id=,B29, PRDE,actvstrat=,0.155745, actvprof=,2.816971, id=,S00, JADE,actvstrat=,0.088705, actvprof=,2.965861, id=,S01, PRDE,actvstrat=,-0.383862, actvprof=,1.419735, id=,S02, PRDE,actvstrat=,0.612284, actvprof=,2.995583, id=,S03, PRDE,actvstrat=,1.000000, actvprof=,2.847249, id=,S04, PRDE,actvstrat=,-1.000000, actvprof=,3.160585, id=,S05, JADE,actvstrat=,-0.508381, actvprof=,0.616117, id=,S06, JADE,actvstrat=,0.513084, actvprof=,1.850850, id=,S07, JADE,actvstrat=,-0.002041, actvprof=,1.032787, id=,S08, PRDE,actvstrat=,-1.000000, actvprof=,2.201965, id=,S09, JADE,actvstrat=,0.658699, actvprof=,1.323346, id=,S10, JADE,actvstrat=,0.033029, actvprof=,0.636395, id=,S11, PRDE,actvstrat=,0.958528, actvprof=,1.090288, id=,S12, PRDE,actvstrat=,0.273270, actvprof=,0.460560, id=,S13, JADE,actvstrat=,-0.039999, actvprof=,0.233335, id=,S14, JADE,actvstrat=,-0.092944, actvprof=,0.075001, id=,S15, PRDE,actvstrat=,0.521723, actvprof=,0.221669, id=,S16, JADE,actvstrat=,1.000000, actvprof=,0.243891, id=,S17, PRDE,actvstrat=,-1.000000, actvprof=,0.289725, id=,S18, JADE,actvstrat=,-0.094881, actvprof=,0.015278, id=,S19, JADE,actvstrat=,-0.023582, actvprof=,0.005278, id=,S20, PRDE,actvstrat=,1.000000, actvprof=,0.088890, id=,S21, PRDE,actvstrat=,0.433595, actvprof=,0.001389, id=,S22, JADE,actvstrat=,0.167200, actvprof=,0.000278, id=,S23, PRDE,actvstrat=,1.000000, actvprof=,0.012500, id=,S24, PRDE,actvstrat=,0.924553, actvprof=,0.000278, id=,S25, PRDE,actvstrat=,1.000000, actvprof=,0.001667, id=,S26, JADE,actvstrat=,0.325882, actvprof=,0.000000, id=,S27, JADE,actvstrat=,0.093107, actvprof=,0.000000, id=,S28, PRDE,actvstrat=,1.000000, actvprof=,0.000000, id=,S29, JADE,actvstrat=,0.524359, actvprof=,0.000000, best_B_id=,B29, best_B_prof=,2.816971, best_B_strat=,0.155745, best_S_id=,S04, best_S_prof=,3.160585, best_S_strat=,-1.000000, 
t=,28800, id=,B00, PRDE,actvstrat=,-0.426464, actvprof=,0.000000, id=,B01, JADE,actvstrat=,0.056578, actvprof=,0.000000, id=,B02, PRDE,actvstrat=,-0.611747, actvprof=,0.000000, id=,B03, PRDE,actvstrat=,-0.087749, actvprof=,0.000000, id=,B04, JADE,actvstrat=,0.679298, actvprof=,0.000000, id=,B05, JADE,actvstrat=,-0.081458, actvprof=,0.000000, id=,B06, JADE,actvstrat=,-0.767800, actvprof=,0.000000, id=,B07, JADE,actvstrat=,-0.641648, actvprof=,0.000000, id=,B08, PRDE,actvstrat=,0.327819, actvprof=,0.002361, id=,B09, JADE,actvstrat=,1.000000, actvprof=,0.009028, id=,B10, JADE,actvstrat=,0.228316, actvprof=,0.005556, id=,B11, JADE,actvstrat=,0.160121, actvprof=,0.014722, id=,B12, JADE,actvstrat=,-0.388293, actvprof=,0.012361, id=,B13, JADE,actvstrat=,-0.013901, actvprof=,0.058056, id=,B14, JADE,actvstrat=,-0.567318, actvprof=,0.054028, id=,B15, JADE,actvstrat=,0.229133, actvprof=,0.177640, id=,B16, PRDE,actvstrat=,1.000000, actvprof=,0.158473, id=,B17, PRDE,actvstrat=,-1.000000, actvprof=,0.446948, id=,B18, PRDE,actvstrat=,-1.000000, actvprof=,0.704727, id=,B19, PRDE,actvstrat=,1.000000, actvprof=,0.484170, id=,B20, PRDE,actvstrat=,-0.016949, actvprof=,0.725005, id=,B21, JADE,actvstrat=,0.495425, actvprof=,1.019590, id=,B22, JADE,actvstrat=,0.000855, actvprof=,1.042924, id=,B23, PRDE,actvstrat=,-0.779273, actvprof=,1.139730, id=,B24, PRDE,actvstrat=,1.000000, actvprof=,1.462788, id=,B25, JADE,actvstrat=,-0.465662, actvprof=,1.424871, id=,B26, PRDE,actvstrat=,-0.712664, actvprof=,1.674178, id=,B27, PRDE,actvstrat=,0.007671, actvprof=,2.243349, id=,B28, PRDE,actvstrat=,-0.164542, actvprof=,2.367378, id=,B29, PRDE,actvstrat=,0.155745, actvprof=,2.779742, id=,S00, JADE,actvstrat=,0.088705, actvprof=,2.884326, id=,S01, PRDE,actvstrat=,-0.383862, actvprof=,1.390149, id=,S02, PRDE,actvstrat=,0.612284, actvprof=,2.956548, id=,S03, PRDE,actvstrat=,1.000000, actvprof=,2.852936, id=,S04, PRDE,actvstrat=,-1.000000, actvprof=,3.150439, id=,S05, JADE,actvstrat=,-0.508381, actvprof=,0.677505, id=,S06, JADE,actvstrat=,0.513084, actvprof=,1.852791, id=,S07, JADE,actvstrat=,-0.002041, actvprof=,1.075841, id=,S08, PRDE,actvstrat=,-1.000000, actvprof=,2.189043, id=,S09, JADE,actvstrat=,0.658699, actvprof=,1.346537, id=,S10, JADE,actvstrat=,0.033029, actvprof=,0.659032, id=,S11, PRDE,actvstrat=,0.958528, actvprof=,1.086535, id=,S12, PRDE,actvstrat=,0.273270, actvprof=,0.460281, id=,S13, JADE,actvstrat=,-0.039999, actvprof=,0.205557, id=,S14, JADE,actvstrat=,-0.092944, actvprof=,0.076251, id=,S15, PRDE,actvstrat=,0.521723, actvprof=,0.219863, id=,S16, JADE,actvstrat=,1.000000, actvprof=,0.239585, id=,S17, PRDE,actvstrat=,-1.000000, actvprof=,0.298474, id=,S18, JADE,actvstrat=,-0.094881, actvprof=,0.008750, id=,S19, JADE,actvstrat=,-0.023582, actvprof=,0.007500, id=,S20, PRDE,actvstrat=,1.000000, actvprof=,0.080556, id=,S21, PRDE,actvstrat=,0.433595, actvprof=,0.002639, id=,S22, JADE,actvstrat=,0.167200, actvprof=,0.001250, id=,S23, PRDE,actvstrat=,1.000000, actvprof=,0.011806, id=,S24, PRDE,actvstrat=,0.924553, actvprof=,0.000694, id=,S25, PRDE,actvstrat=,1.000000, actvprof=,0.000833, id=,S26, JADE,actvstrat=,0.325882, actvprof=,0.000000, id=,S27, JADE,actvstrat=,0.093107, actvprof=,0.000000, id=,S28, PRDE,actvstrat=,1.000000, actvprof=,0.000000, id=,S29, JADE,actvstrat=,0.524359, actvprof=,0.000000, best_B_id=,B29, best_B_prof=,2.779742, best_B_strat=,0.155745, best_S_id=,S04, best_S_prof=,3.150439, best_S_strat=,-1.000000, 
t=,32400, id=,B00, PRDE,actvstrat=,0.153716, actvprof=,0.000000, id=,B01, JADE,actvstrat=,0.586372, actvprof=,0.000000, id=,B02, PRDE,actvstrat=,-0.087949, actvprof=,0.000000, id=,B03, PRDE,actvstrat=,0.491963, actvprof=,0.000000, id=,B04, JADE,actvstrat=,0.767948, actvprof=,0.000000, id=,B05, JADE,actvstrat=,-0.934352, actvprof=,0.000000, id=,B06, JADE,actvstrat=,-0.742824, actvprof=,0.000000, id=,B07, JADE,actvstrat=,-0.347165, actvprof=,0.000000, id=,B08, PRDE,actvstrat=,0.338714, actvprof=,0.000000, id=,B09, JADE,actvstrat=,1.000000, actvprof=,0.007500, id=,B10, JADE,actvstrat=,0.087338, actvprof=,0.007222, id=,B11, JADE,actvstrat=,0.285247, actvprof=,0.019445, id=,B12, JADE,actvstrat=,0.488758, actvprof=,0.051668, id=,B13, JADE,actvstrat=,-0.834608, actvprof=,0.049445, id=,B14, JADE,actvstrat=,-0.607243, actvprof=,0.061668, id=,B15, JADE,actvstrat=,-0.026492, actvprof=,0.151947, id=,B16, PRDE,actvstrat=,1.000000, actvprof=,0.112502, id=,B17, PRDE,actvstrat=,-0.579515, actvprof=,0.168336, id=,B18, PRDE,actvstrat=,0.670278, actvprof=,0.584733, id=,B19, PRDE,actvstrat=,-0.258251, actvprof=,0.376674, id=,B20, PRDE,actvstrat=,0.009428, actvprof=,0.646956, id=,B21, JADE,actvstrat=,-0.365164, actvprof=,0.608622, id=,B22, JADE,actvstrat=,-0.803104, actvprof=,1.067798, id=,B23, PRDE,actvstrat=,0.923822, actvprof=,1.029186, id=,B24, PRDE,actvstrat=,0.124182, actvprof=,1.322524, id=,B25, JADE,actvstrat=,0.101953, actvprof=,1.555584, id=,B26, PRDE,actvstrat=,0.308716, actvprof=,1.838923, id=,B27, PRDE,actvstrat=,-0.336672, actvprof=,1.715310, id=,B28, PRDE,actvstrat=,0.006605, actvprof=,1.980037, id=,B29, PRDE,actvstrat=,0.999493, actvprof=,1.980592, id=,S00, JADE,actvstrat=,0.299398, actvprof=,3.186448, id=,S01, PRDE,actvstrat=,0.327664, actvprof=,3.157003, id=,S02, PRDE,actvstrat=,0.654437, actvprof=,3.132558, id=,S03, PRDE,actvstrat=,0.580841, actvprof=,2.838941, id=,S04, PRDE,actvstrat=,-0.001508, actvprof=,1.964759, id=,S05, JADE,actvstrat=,0.658117, actvprof=,2.567270, id=,S06, JADE,actvstrat=,-0.526632, actvprof=,0.854738, id=,S07, JADE,actvstrat=,-0.456778, actvprof=,0.868072, id=,S08, PRDE,actvstrat=,0.437816, actvprof=,1.609752, id=,S09, JADE,actvstrat=,-0.672258, actvprof=,0.475842, id=,S10, JADE,actvstrat=,-0.402554, actvprof=,0.431675, id=,S11, PRDE,actvstrat=,0.513779, actvprof=,1.050575, id=,S12, PRDE,actvstrat=,-0.723178, actvprof=,0.148058, id=,S13, JADE,actvstrat=,0.034524, actvprof=,0.538621, id=,S14, JADE,actvstrat=,0.843647, actvprof=,1.048353, id=,S15, PRDE,actvstrat=,0.316812, actvprof=,0.383618, id=,S16, JADE,actvstrat=,0.896082, actvprof=,0.716680, id=,S17, PRDE,actvstrat=,-0.512247, actvprof=,0.038612, id=,S18, JADE,actvstrat=,0.260619, actvprof=,0.144447, id=,S19, JADE,actvstrat=,-0.172509, actvprof=,0.008333, id=,S20, PRDE,actvstrat=,0.574645, actvprof=,0.131391, id=,S21, PRDE,actvstrat=,-0.034171, actvprof=,0.023056, id=,S22, JADE,actvstrat=,-0.226224, actvprof=,0.002778, id=,S23, PRDE,actvstrat=,0.427369, actvprof=,0.015000, id=,S24, PRDE,actvstrat=,0.865557, actvprof=,0.068612, id=,S25, PRDE,actvstrat=,-0.457416, actvprof=,0.000000, id=,S26, JADE,actvstrat=,-0.149701, actvprof=,0.000000, id=,S27, JADE,actvstrat=,0.353430, actvprof=,0.005556, id=,S28, PRDE,actvstrat=,-0.689671, actvprof=,0.000000, id=,S29, JADE,actvstrat=,0.137199, actvprof=,0.000000, best_B_id=,B29, best_B_prof=,1.980592, best_B_strat=,0.999493, best_S_id=,S00, best_S_prof=,3.186448, best_S_strat=,0.299398, 
t=,36000, id=,B00, PRDE,actvstrat=,0.153716, actvprof=,0.000000, id=,B01, JADE,actvstrat=,0.586372, actvprof=,0.000000, id=,B02, PRDE,actvstrat=,-0.087949, actvprof=,0.000000, id=,B03, PRDE,actvstrat=,0.491963, actvprof=,0.000000, id=,B04, JADE,actvstrat=,0.767948, actvprof=,0.000000, id=,B05, JADE,actvstrat=,-0.934352, actvprof=,0.000000, id=,B06, JADE,actvstrat=,-0.742824, actvprof=,0.000000, id=,B07, JADE,actvstrat=,-0.347165, actvprof=,0.000000, id=,B08, PRDE,actvstrat=,0.338714, actvprof=,0.000972, id=,B09, JADE,actvstrat=,1.000000, actvprof=,0.006806, id=,B10, JADE,actvstrat=,0.087338, actvprof=,0.009861, id=,B11, JADE,actvstrat=,0.285247, actvprof=,0.023195, id=,B12, JADE,actvstrat=,0.488758, actvprof=,0.057640, id=,B13, JADE,actvstrat=,-0.834608, actvprof=,0.048334, id=,B14, JADE,actvstrat=,-0.607243, actvprof=,0.047917, id=,B15, JADE,actvstrat=,-0.026492, actvprof=,0.152780, id=,B16, PRDE,actvstrat=,1.000000, actvprof=,0.114585, id=,B17, PRDE,actvstrat=,-0.579515, actvprof=,0.185419, id=,B18, PRDE,actvstrat=,0.670278, actvprof=,0.590701, id=,B19, PRDE,actvstrat=,-0.258251, actvprof=,0.406255, id=,B20, PRDE,actvstrat=,0.009428, actvprof=,0.608896, id=,B21, JADE,actvstrat=,-0.365164, actvprof=,0.570145, id=,B22, JADE,actvstrat=,-0.803104, actvprof=,1.034873, id=,B23, PRDE,actvstrat=,0.923822, actvprof=,1.034179, id=,B24, PRDE,actvstrat=,0.124182, actvprof=,1.315015, id=,B25, JADE,actvstrat=,0.101953, actvprof=,1.520990, id=,B26, PRDE,actvstrat=,0.308716, actvprof=,1.760715, id=,B27, PRDE,actvstrat=,-0.336672, actvprof=,1.703492, id=,B28, PRDE,actvstrat=,0.006605, actvprof=,1.988356, id=,B29, PRDE,actvstrat=,0.999493, actvprof=,1.936550, id=,S00, JADE,actvstrat=,0.299398, actvprof=,3.310316, id=,S01, PRDE,actvstrat=,0.327664, actvprof=,3.139897, id=,S02, PRDE,actvstrat=,0.654437, actvprof=,3.155175, id=,S03, PRDE,actvstrat=,0.580841, actvprof=,2.820449, id=,S04, PRDE,actvstrat=,-0.001508, actvprof=,1.861688, id=,S05, JADE,actvstrat=,0.658117, actvprof=,2.550168, id=,S06, JADE,actvstrat=,-0.526632, actvprof=,0.824037, id=,S07, JADE,actvstrat=,-0.456778, actvprof=,0.826398, id=,S08, PRDE,actvstrat=,0.437816, actvprof=,1.589185, id=,S09, JADE,actvstrat=,-0.672258, actvprof=,0.463339, id=,S10, JADE,actvstrat=,-0.402554, actvprof=,0.404171, id=,S11, PRDE,actvstrat=,0.513779, actvprof=,1.063068, id=,S12, PRDE,actvstrat=,-0.723178, actvprof=,0.166530, id=,S13, JADE,actvstrat=,0.034524, actvprof=,0.510978, id=,S14, JADE,actvstrat=,0.843647, actvprof=,1.034318, id=,S15, PRDE,actvstrat=,0.316812, actvprof=,0.401810, id=,S16, JADE,actvstrat=,0.896082, actvprof=,0.747648, id=,S17, PRDE,actvstrat=,-0.512247, actvprof=,0.064723, id=,S18, JADE,actvstrat=,0.260619, actvprof=,0.140696, id=,S19, JADE,actvstrat=,-0.172509, actvprof=,0.015000, id=,S20, PRDE,actvstrat=,0.574645, actvprof=,0.110696, id=,S21, PRDE,actvstrat=,-0.034171, actvprof=,0.018750, id=,S22, JADE,actvstrat=,-0.226224, actvprof=,0.005139, id=,S23, PRDE,actvstrat=,0.427369, actvprof=,0.020972, id=,S24, PRDE,actvstrat=,0.865557, actvprof=,0.060834, id=,S25, PRDE,actvstrat=,-0.457416, actvprof=,0.000000, id=,S26, JADE,actvstrat=,-0.149701, actvprof=,0.001250, id=,S27, JADE,actvstrat=,0.353430, actvprof=,0.003056, id=,S28, PRDE,actvstrat=,-0.689671, actvprof=,0.000000, id=,S29, JADE,actvstrat=,0.137199, actvprof=,0.000000, best_B_id=,B28, best_B_prof=,1.988356, best_B_strat=,0.006605, best_S_id=,S00, best_S_prof=,3.310316, best_S_strat=,0.299398, 
t=,39600, id=,B00, PRDE,actvstrat=,0.069334, actvprof=,0.000000, id=,B01, JADE,actvstrat=,0.924216, actvprof=,0.000000, id=,B02, PRDE,actvstrat=,-1.000000, actvprof=,0.000000, id=,B03, PRDE,actvstrat=,0.991857, actvprof=,0.000000, id=,B04, JADE,actvstrat=,0.054079, actvprof=,0.000000, id=,B05, JADE,actvstrat=,0.351282, actvprof=,0.000000, id=,B06, JADE,actvstrat=,-0.829118, actvprof=,0.000000, id=,B07, JADE,actvstrat=,-0.294131, actvprof=,0.000000, id=,B08, PRDE,actvstrat=,0.044989, actvprof=,0.000000, id=,B09, JADE,actvstrat=,0.430919, actvprof=,0.000000, id=,B10, JADE,actvstrat=,0.974183, actvprof=,0.008889, id=,B11, JADE,actvstrat=,0.754549, actvprof=,0.004722, id=,B12, JADE,actvstrat=,-0.293646, actvprof=,0.001389, id=,B13, JADE,actvstrat=,-0.135605, actvprof=,0.000833, id=,B14, JADE,actvstrat=,-1.000000, actvprof=,0.078891, id=,B15, JADE,actvstrat=,0.296892, actvprof=,0.076391, id=,B16, PRDE,actvstrat=,-0.066853, actvprof=,0.104725, id=,B17, PRDE,actvstrat=,-1.000000, actvprof=,0.264452, id=,B18, PRDE,actvstrat=,-0.007369, actvprof=,0.220006, id=,B19, PRDE,actvstrat=,0.997102, actvprof=,0.224451, id=,B20, PRDE,actvstrat=,1.000000, actvprof=,0.341121, id=,B21, JADE,actvstrat=,-0.602732, actvprof=,0.399178, id=,B22, JADE,actvstrat=,-0.780089, actvprof=,0.593628, id=,B23, PRDE,actvstrat=,0.111144, actvprof=,0.923081, id=,B24, PRDE,actvstrat=,0.223652, actvprof=,1.120309, id=,B25, JADE,actvstrat=,-0.164120, actvprof=,1.070585, id=,B26, PRDE,actvstrat=,-0.212929, actvprof=,1.306425, id=,B27, PRDE,actvstrat=,-0.643488, actvprof=,1.545876, id=,B28, PRDE,actvstrat=,0.006605, actvprof=,2.040334, id=,B29, PRDE,actvstrat=,-0.340219, actvprof=,1.946999, id=,S00, JADE,actvstrat=,0.248362, actvprof=,3.288147, id=,S01, PRDE,actvstrat=,-0.024282, actvprof=,2.639518, id=,S02, PRDE,actvstrat=,-0.375688, actvprof=,1.861441, id=,S03, PRDE,actvstrat=,-0.858913, actvprof=,0.473902, id=,S04, PRDE,actvstrat=,-0.857573, actvprof=,0.351676, id=,S05, JADE,actvstrat=,0.914866, actvprof=,2.967582, id=,S06, JADE,actvstrat=,-0.526632, actvprof=,0.877247, id=,S07, JADE,actvstrat=,0.121701, actvprof=,1.557821, id=,S08, PRDE,actvstrat=,-0.484145, actvprof=,0.485291, id=,S09, JADE,actvstrat=,-0.610282, actvprof=,0.380011, id=,S10, JADE,actvstrat=,0.179202, actvprof=,1.118642, id=,S11, PRDE,actvstrat=,1.000000, actvprof=,1.286980, id=,S12, PRDE,actvstrat=,1.000000, actvprof=,0.998083, id=,S13, JADE,actvstrat=,0.559759, actvprof=,0.772799, id=,S14, JADE,actvstrat=,0.348090, actvprof=,0.496403, id=,S15, PRDE,actvstrat=,-0.635416, actvprof=,0.063057, id=,S16, JADE,actvstrat=,1.000000, actvprof=,0.500847, id=,S17, PRDE,actvstrat=,-0.378221, actvprof=,0.012778, id=,S18, JADE,actvstrat=,0.085017, actvprof=,0.073891, id=,S19, JADE,actvstrat=,0.010609, actvprof=,0.039723, id=,S20, PRDE,actvstrat=,0.468833, actvprof=,0.029723, id=,S21, PRDE,actvstrat=,-0.267787, actvprof=,0.000833, id=,S22, JADE,actvstrat=,0.286839, actvprof=,0.001944, id=,S23, PRDE,actvstrat=,1.000000, actvprof=,0.050001, id=,S24, PRDE,actvstrat=,-0.970804, actvprof=,0.002222, id=,S25, PRDE,actvstrat=,0.797168, actvprof=,0.000000, id=,S26, JADE,actvstrat=,-0.000690, actvprof=,0.000000, id=,S27, JADE,actvstrat=,0.195295, actvprof=,0.000000, id=,S28, PRDE,actvstrat=,-0.667965, actvprof=,0.000000, id=,S29, JADE,actvstrat=,0.065941, actvprof=,0.000000, best_B_id=,B28, best_B_prof=,2.040334, best_B_strat=,0.006605, best_S_id=,S00, best_S_prof=,3.288147, best_S_strat=,0.248362, 
t=,43200, id=,B00, PRDE,actvstrat=,0.069334, actvprof=,0.000000, id=,B01, JADE,actvstrat=,0.924216, actvprof=,0.000000, id=,B02, PRDE,actvstrat=,-1.000000, actvprof=,0.000000, id=,B03, PRDE,actvstrat=,0.991857, actvprof=,0.000000, id=,B04, JADE,actvstrat=,0.054079, actvprof=,0.000000, id=,B05, JADE,actvstrat=,0.351282, actvprof=,0.000000, id=,B06, JADE,actvstrat=,-0.829118, actvprof=,0.000000, id=,B07, JADE,actvstrat=,-0.294131, actvprof=,0.000000, id=,B08, PRDE,actvstrat=,0.044989, actvprof=,0.000000, id=,B09, JADE,actvstrat=,0.430919, actvprof=,0.000000, id=,B10, JADE,actvstrat=,0.974183, actvprof=,0.010695, id=,B11, JADE,actvstrat=,0.754549, actvprof=,0.007083, id=,B12, JADE,actvstrat=,-0.293646, actvprof=,0.001667, id=,B13, JADE,actvstrat=,-0.135605, actvprof=,0.003889, id=,B14, JADE,actvstrat=,-1.000000, actvprof=,0.066667, id=,B15, JADE,actvstrat=,0.296892, actvprof=,0.098473, id=,B16, PRDE,actvstrat=,-0.066853, actvprof=,0.086390, id=,B17, PRDE,actvstrat=,-1.000000, actvprof=,0.259864, id=,B18, PRDE,actvstrat=,-0.007369, actvprof=,0.227919, id=,B19, PRDE,actvstrat=,0.997102, actvprof=,0.227642, id=,B20, PRDE,actvstrat=,1.000000, actvprof=,0.343476, id=,B21, JADE,actvstrat=,-0.602732, actvprof=,0.409449, id=,B22, JADE,actvstrat=,-0.780089, actvprof=,0.630563, id=,B23, PRDE,actvstrat=,0.111144, actvprof=,0.936400, id=,B24, PRDE,actvstrat=,0.223652, actvprof=,1.097096, id=,B25, JADE,actvstrat=,-0.164120, actvprof=,1.031817, id=,B26, PRDE,actvstrat=,-0.212929, actvprof=,1.298626, id=,B27, PRDE,actvstrat=,-0.643488, actvprof=,1.543768, id=,B28, PRDE,actvstrat=,0.006605, actvprof=,1.942522, id=,B29, PRDE,actvstrat=,-0.340219, actvprof=,1.968495, id=,S00, JADE,actvstrat=,0.248362, actvprof=,3.320316, id=,S01, PRDE,actvstrat=,-0.024282, actvprof=,2.694615, id=,S02, PRDE,actvstrat=,-0.375688, actvprof=,1.810438, id=,S03, PRDE,actvstrat=,-0.858913, actvprof=,0.454866, id=,S04, PRDE,actvstrat=,-0.857573, actvprof=,0.324865, id=,S05, JADE,actvstrat=,0.914866, actvprof=,2.990173, id=,S06, JADE,actvstrat=,-0.526632, actvprof=,0.884732, id=,S07, JADE,actvstrat=,0.121701, actvprof=,1.528212, id=,S08, PRDE,actvstrat=,-0.484145, actvprof=,0.500145, id=,S09, JADE,actvstrat=,-0.610282, actvprof=,0.386810, id=,S10, JADE,actvstrat=,0.179202, actvprof=,1.127096, id=,S11, PRDE,actvstrat=,1.000000, actvprof=,1.263070, id=,S12, PRDE,actvstrat=,1.000000, actvprof=,1.014734, id=,S13, JADE,actvstrat=,0.559759, actvprof=,0.833204, id=,S14, JADE,actvstrat=,0.348090, actvprof=,0.534867, id=,S15, PRDE,actvstrat=,-0.635416, actvprof=,0.065695, id=,S16, JADE,actvstrat=,1.000000, actvprof=,0.487089, id=,S17, PRDE,actvstrat=,-0.378221, actvprof=,0.018056, id=,S18, JADE,actvstrat=,0.085017, actvprof=,0.086112, id=,S19, JADE,actvstrat=,0.010609, actvprof=,0.043056, id=,S20, PRDE,actvstrat=,0.468833, actvprof=,0.032500, id=,S21, PRDE,actvstrat=,-0.267787, actvprof=,0.000417, id=,S22, JADE,actvstrat=,0.286839, actvprof=,0.004028, id=,S23, PRDE,actvstrat=,1.000000, actvprof=,0.055695, id=,S24, PRDE,actvstrat=,-0.970804, actvprof=,0.002222, id=,S25, PRDE,actvstrat=,0.797168, actvprof=,0.001250, id=,S26, JADE,actvstrat=,-0.000690, actvprof=,0.000000, id=,S27, JADE,actvstrat=,0.195295, actvprof=,0.000000, id=,S28, PRDE,actvstrat=,-0.667965, actvprof=,0.000000, id=,S29, JADE,actvstrat=,0.065941, actvprof=,0.000000, best_B_id=,B29, best_B_prof=,1.968495, best_B_strat=,-0.340219, best_S_id=,S00, best_S_prof=,3.320316, best_S_strat=,0.248362, 
t=,46800, id=,B00, PRDE,actvstrat=,-0.271124, actvprof=,0.000000, id=,B01, JADE,actvstrat=,-0.886843, actvprof=,0.000000, id=,B02, PRDE,actvstrat=,-1.000000, actvprof=,0.000000, id=,B03, PRDE,actvstrat=,0.591871, actvprof=,0.000000, id=,B04, JADE,actvstrat=,-0.709415, actvprof=,0.000000, id=,B05, JADE,actvstrat=,-0.064238, actvprof=,0.000000, id=,B06, JADE,actvstrat=,-0.983848, actvprof=,0.000000, id=,B07, JADE,actvstrat=,-0.941391, actvprof=,0.000000, id=,B08, PRDE,actvstrat=,0.753801, actvprof=,0.000000, id=,B09, JADE,actvstrat=,-0.141271, actvprof=,0.000000, id=,B10, JADE,actvstrat=,0.433655, actvprof=,0.003056, id=,B11, JADE,actvstrat=,0.160121, actvprof=,0.008334, id=,B12, JADE,actvstrat=,-0.388293, actvprof=,0.009445, id=,B13, JADE,actvstrat=,-0.509358, actvprof=,0.000000, id=,B14, JADE,actvstrat=,-0.501443, actvprof=,0.029445, id=,B15, JADE,actvstrat=,0.229133, actvprof=,0.077502, id=,B16, PRDE,actvstrat=,0.456218, actvprof=,0.205561, id=,B17, PRDE,actvstrat=,-0.863223, actvprof=,0.278619, id=,B18, PRDE,actvstrat=,-1.000000, actvprof=,0.378899, id=,B19, PRDE,actvstrat=,0.515182, actvprof=,0.462513, id=,B20, PRDE,actvstrat=,-0.509068, actvprof=,0.302786, id=,B21, JADE,actvstrat=,0.495425, actvprof=,0.678074, id=,B22, JADE,actvstrat=,-0.243004, actvprof=,0.595572, id=,B23, PRDE,actvstrat=,0.111144, actvprof=,0.961416, id=,B24, PRDE,actvstrat=,-0.235753, actvprof=,1.000028, id=,B25, JADE,actvstrat=,-0.308945, actvprof=,1.030029, id=,B26, PRDE,actvstrat=,-0.212929, actvprof=,1.390872, id=,B27, PRDE,actvstrat=,0.007671, actvprof=,1.651713, id=,B28, PRDE,actvstrat=,-0.164542, actvprof=,1.801161, id=,B29, PRDE,actvstrat=,-0.054430, actvprof=,2.208950, id=,S00, JADE,actvstrat=,0.248362, actvprof=,3.449818, id=,S01, PRDE,actvstrat=,-0.383862, actvprof=,1.806161, id=,S02, PRDE,actvstrat=,-0.165541, actvprof=,1.651713, id=,S03, PRDE,actvstrat=,-0.753123, actvprof=,0.785300, id=,S04, PRDE,actvstrat=,-0.768735, actvprof=,0.892525, id=,S05, JADE,actvstrat=,0.487858, actvprof=,2.419789, id=,S06, JADE,actvstrat=,0.513084, actvprof=,2.076724, id=,S07, JADE,actvstrat=,0.121701, actvprof=,1.374205, id=,S08, PRDE,actvstrat=,-1.000000, actvprof=,2.524792, id=,S09, JADE,actvstrat=,-0.208661, actvprof=,0.449735, id=,S10, JADE,actvstrat=,0.501729, actvprof=,1.295036, id=,S11, PRDE,actvstrat=,-0.159050, actvprof=,0.345010, id=,S12, PRDE,actvstrat=,0.640986, actvprof=,0.945860, id=,S13, JADE,actvstrat=,-0.107365, actvprof=,0.237784, id=,S14, JADE,actvstrat=,-0.294193, actvprof=,0.119726, id=,S15, PRDE,actvstrat=,-0.159302, actvprof=,0.053890, id=,S16, JADE,actvstrat=,0.799329, actvprof=,0.419456, id=,S17, PRDE,actvstrat=,-0.514040, actvprof=,0.013056, id=,S18, JADE,actvstrat=,-0.094881, actvprof=,0.029445, id=,S19, JADE,actvstrat=,-0.023582, actvprof=,0.019167, id=,S20, PRDE,actvstrat=,0.574645, actvprof=,0.023056, id=,S21, PRDE,actvstrat=,0.082904, actvprof=,0.010278, id=,S22, JADE,actvstrat=,0.287336, actvprof=,0.002500, id=,S23, PRDE,actvstrat=,1.000000, actvprof=,0.037779, id=,S24, PRDE,actvstrat=,0.865557, actvprof=,0.001667, id=,S25, PRDE,actvstrat=,0.669239, actvprof=,0.000000, id=,S26, JADE,actvstrat=,0.178227, actvprof=,0.000000, id=,S27, JADE,actvstrat=,0.353430, actvprof=,0.000000, id=,S28, PRDE,actvstrat=,-0.667965, actvprof=,0.000000, id=,S29, JADE,actvstrat=,-0.997048, actvprof=,0.000000, best_B_id=,B29, best_B_prof=,2.208950, best_B_strat=,-0.054430, best_S_id=,S00, best_S_prof=,3.449818, best_S_strat=,0.248362, 
t=,50400, id=,B00, PRDE,actvstrat=,-0.271124, actvprof=,0.000000, id=,B01, JADE,actvstrat=,-0.886843, actvprof=,0.000000, id=,B02, PRDE,actvstrat=,-1.000000, actvprof=,0.000000, id=,B03, PRDE,actvstrat=,0.591871, actvprof=,0.000000, id=,B04, JADE,actvstrat=,-0.709415, actvprof=,0.000000, id=,B05, JADE,actvstrat=,-0.064238, actvprof=,0.000000, id=,B06, JADE,actvstrat=,-0.983848, actvprof=,0.000139, id=,B07, JADE,actvstrat=,-0.941391, actvprof=,0.000000, id=,B08, PRDE,actvstrat=,0.753801, actvprof=,0.000000, id=,B09, JADE,actvstrat=,-0.141271, actvprof=,0.000000, id=,B10, JADE,actvstrat=,0.433655, actvprof=,0.003611, id=,B11, JADE,actvstrat=,0.160121, actvprof=,0.008472, id=,B12, JADE,actvstrat=,-0.388293, actvprof=,0.009722, id=,B13, JADE,actvstrat=,-0.509358, actvprof=,0.008889, id=,B14, JADE,actvstrat=,-0.501443, actvprof=,0.025000, id=,B15, JADE,actvstrat=,0.229133, actvprof=,0.101807, id=,B16, PRDE,actvstrat=,0.456218, actvprof=,0.197642, id=,B17, PRDE,actvstrat=,-0.863223, actvprof=,0.289726, id=,B18, PRDE,actvstrat=,-1.000000, actvprof=,0.394311, id=,B19, PRDE,actvstrat=,0.515182, actvprof=,0.454312, id=,B20, PRDE,actvstrat=,-0.509068, actvprof=,0.324588, id=,B21, JADE,actvstrat=,0.495425, actvprof=,0.707926, id=,B22, JADE,actvstrat=,-0.243004, actvprof=,0.583203, id=,B23, PRDE,actvstrat=,0.111144, actvprof=,0.960013, id=,B24, PRDE,actvstrat=,-0.235753, actvprof=,0.932513, id=,B25, JADE,actvstrat=,-0.308945, actvprof=,1.129599, id=,B26, PRDE,actvstrat=,-0.212929, actvprof=,1.329463, id=,B27, PRDE,actvstrat=,0.007671, actvprof=,1.670162, id=,B28, PRDE,actvstrat=,-0.164542, actvprof=,1.757663, id=,B29, PRDE,actvstrat=,-0.054430, actvprof=,2.157669, id=,S00, JADE,actvstrat=,0.248362, actvprof=,3.378380, id=,S01, PRDE,actvstrat=,-0.383862, actvprof=,1.712940, id=,S02, PRDE,actvstrat=,-0.165541, actvprof=,1.674884, id=,S03, PRDE,actvstrat=,-0.753123, actvprof=,0.858623, id=,S04, PRDE,actvstrat=,-0.768735, actvprof=,0.836678, id=,S05, JADE,actvstrat=,0.487858, actvprof=,2.357672, id=,S06, JADE,actvstrat=,0.513084, actvprof=,2.126002, id=,S07, JADE,actvstrat=,0.121701, actvprof=,1.372102, id=,S08, PRDE,actvstrat=,-1.000000, actvprof=,2.492674, id=,S09, JADE,actvstrat=,-0.208661, actvprof=,0.474034, id=,S10, JADE,actvstrat=,0.501729, actvprof=,1.259184, id=,S11, PRDE,actvstrat=,-0.159050, actvprof=,0.343338, id=,S12, PRDE,actvstrat=,0.640986, actvprof=,0.887512, id=,S13, JADE,actvstrat=,-0.107365, actvprof=,0.196531, id=,S14, JADE,actvstrat=,-0.294193, actvprof=,0.102085, id=,S15, PRDE,actvstrat=,-0.159302, actvprof=,0.069862, id=,S16, JADE,actvstrat=,0.799329, actvprof=,0.443895, id=,S17, PRDE,actvstrat=,-0.514040, actvprof=,0.011111, id=,S18, JADE,actvstrat=,-0.094881, actvprof=,0.027084, id=,S19, JADE,actvstrat=,-0.023582, actvprof=,0.017917, id=,S20, PRDE,actvstrat=,0.574645, actvprof=,0.016945, id=,S21, PRDE,actvstrat=,0.082904, actvprof=,0.010833, id=,S22, JADE,actvstrat=,0.287336, actvprof=,0.002639, id=,S23, PRDE,actvstrat=,1.000000, actvprof=,0.039028, id=,S24, PRDE,actvstrat=,0.865557, actvprof=,0.002083, id=,S25, PRDE,actvstrat=,0.669239, actvprof=,0.000000, id=,S26, JADE,actvstrat=,0.178227, actvprof=,0.000139, id=,S27, JADE,actvstrat=,0.353430, actvprof=,0.000000, id=,S28, PRDE,actvstrat=,-0.667965, actvprof=,0.000000, id=,S29, JADE,actvstrat=,-0.997048, actvprof=,0.000000, best_B_id=,B29, best_B_prof=,2.157669, best_B_strat=,-0.054430, best_S_id=,S00, best_S_prof=,3.378380, best_S_strat=,0.248362, 
t=,54000, id=,B00, PRDE,actvstrat=,-0.922261, actvprof=,0.000000, id=,B01, JADE,actvstrat=,0.449219, actvprof=,0.000000, id=,B02, PRDE,actvstrat=,0.472444, actvprof=,0.000000, id=,B03, PRDE,actvstrat=,-1.000000, actvprof=,0.000000, id=,B04, JADE,actvstrat=,-0.629309, actvprof=,0.000000, id=,B05, JADE,actvstrat=,0.530836, actvprof=,0.000000, id=,B06, JADE,actvstrat=,-0.844119, actvprof=,0.000000, id=,B07, JADE,actvstrat=,-0.489465, actvprof=,0.000000, id=,B08, PRDE,actvstrat=,0.764697, actvprof=,0.000278, id=,B09, JADE,actvstrat=,0.416476, actvprof=,0.000000, id=,B10, JADE,actvstrat=,0.754147, actvprof=,0.003056, id=,B11, JADE,actvstrat=,0.577140, actvprof=,0.010278, id=,B12, JADE,actvstrat=,-0.216291, actvprof=,0.008334, id=,B13, JADE,actvstrat=,0.068230, actvprof=,0.024723, id=,B14, JADE,actvstrat=,-0.501443, actvprof=,0.039446, id=,B15, JADE,actvstrat=,0.386968, actvprof=,0.134170, id=,B16, PRDE,actvstrat=,1.000000, actvprof=,0.094725, id=,B17, PRDE,actvstrat=,-1.000000, actvprof=,0.286119, id=,B18, PRDE,actvstrat=,0.100310, actvprof=,0.260563, id=,B19, PRDE,actvstrat=,0.286215, actvprof=,0.368899, id=,B20, PRDE,actvstrat=,-0.043326, actvprof=,0.486402, id=,B21, JADE,actvstrat=,1.000000, actvprof=,0.442790, id=,B22, JADE,actvstrat=,-0.243004, actvprof=,0.615850, id=,B23, PRDE,actvstrat=,-0.791480, actvprof=,0.745854, id=,B24, PRDE,actvstrat=,1.000000, actvprof=,0.988083, id=,B25, JADE,actvstrat=,-0.941403, actvprof=,1.644768, id=,B26, PRDE,actvstrat=,-0.797688, actvprof=,1.310036, id=,B27, PRDE,actvstrat=,-1.000000, actvprof=,2.619517, id=,B28, PRDE,actvstrat=,-0.164542, actvprof=,1.889775, id=,B29, PRDE,actvstrat=,-0.612388, actvprof=,2.083113, id=,S00, JADE,actvstrat=,-0.062014, actvprof=,2.624517, id=,S01, PRDE,actvstrat=,0.704748, actvprof=,3.673158, id=,S02, PRDE,actvstrat=,-1.000000, actvprof=,3.764271, id=,S03, PRDE,actvstrat=,0.054639, actvprof=,2.302842, id=,S04, PRDE,actvstrat=,0.087330, actvprof=,2.089502, id=,S05, JADE,actvstrat=,0.496838, actvprof=,2.382288, id=,S06, JADE,actvstrat=,-0.032979, actvprof=,1.617823, id=,S07, JADE,actvstrat=,-0.209181, actvprof=,0.779466, id=,S08, PRDE,actvstrat=,-0.113607, actvprof=,0.561960, id=,S09, JADE,actvstrat=,0.027948, actvprof=,1.056696, id=,S10, JADE,actvstrat=,0.680666, actvprof=,1.460318, id=,S11, PRDE,actvstrat=,1.000000, actvprof=,1.186144, id=,S12, PRDE,actvstrat=,0.444261, actvprof=,0.773077, id=,S13, JADE,actvstrat=,0.221027, actvprof=,0.445290, id=,S14, JADE,actvstrat=,-0.239660, actvprof=,0.095003, id=,S15, PRDE,actvstrat=,0.177075, actvprof=,0.270563, id=,S16, JADE,actvstrat=,0.017392, actvprof=,0.141393, id=,S17, PRDE,actvstrat=,0.225036, actvprof=,0.115281, id=,S18, JADE,actvstrat=,0.094509, actvprof=,0.096114, id=,S19, JADE,actvstrat=,0.353041, actvprof=,0.082780, id=,S20, PRDE,actvstrat=,0.421174, actvprof=,0.043612, id=,S21, PRDE,actvstrat=,0.405522, actvprof=,0.021389, id=,S22, JADE,actvstrat=,-0.234675, actvprof=,0.000000, id=,S23, PRDE,actvstrat=,-0.488679, actvprof=,0.000556, id=,S24, PRDE,actvstrat=,-0.067420, actvprof=,0.000000, id=,S25, PRDE,actvstrat=,0.981285, actvprof=,0.005000, id=,S26, JADE,actvstrat=,0.471655, actvprof=,0.000000, id=,S27, JADE,actvstrat=,-0.057801, actvprof=,0.000000, id=,S28, PRDE,actvstrat=,0.330689, actvprof=,0.000000, id=,S29, JADE,actvstrat=,-0.705420, actvprof=,0.000000, best_B_id=,B27, best_B_prof=,2.619517, best_B_strat=,-1.000000, best_S_id=,S02, best_S_prof=,3.764271, best_S_strat=,-1.000000, 
t=,57600, id=,B00, PRDE,actvstrat=,-0.922261, actvprof=,0.000000, id=,B01, JADE,actvstrat=,0.449219, actvprof=,0.000000, id=,B02, PRDE,actvstrat=,0.472444, actvprof=,0.000000, id=,B03, PRDE,actvstrat=,-1.000000, actvprof=,0.000000, id=,B04, JADE,actvstrat=,-0.629309, actvprof=,0.000000, id=,B05, JADE,actvstrat=,0.530836, actvprof=,0.000000, id=,B06, JADE,actvstrat=,-0.844119, actvprof=,0.000000, id=,B07, JADE,actvstrat=,-0.489465, actvprof=,0.000000, id=,B08, PRDE,actvstrat=,0.764697, actvprof=,0.000833, id=,B09, JADE,actvstrat=,0.416476, actvprof=,0.000000, id=,B10, JADE,actvstrat=,0.754147, actvprof=,0.004028, id=,B11, JADE,actvstrat=,0.577140, actvprof=,0.013056, id=,B12, JADE,actvstrat=,-0.216291, actvprof=,0.009167, id=,B13, JADE,actvstrat=,0.068230, actvprof=,0.020139, id=,B14, JADE,actvstrat=,-0.501443, actvprof=,0.036528, id=,B15, JADE,actvstrat=,0.386968, actvprof=,0.122224, id=,B16, PRDE,actvstrat=,1.000000, actvprof=,0.109307, id=,B17, PRDE,actvstrat=,-1.000000, actvprof=,0.264170, id=,B18, PRDE,actvstrat=,0.100310, actvprof=,0.280143, id=,B19, PRDE,actvstrat=,0.286215, actvprof=,0.398617, id=,B20, PRDE,actvstrat=,-0.043326, actvprof=,0.472229, id=,B21, JADE,actvstrat=,1.000000, actvprof=,0.452229, id=,B22, JADE,actvstrat=,-0.243004, actvprof=,0.602647, id=,B23, PRDE,actvstrat=,-0.791480, actvprof=,0.800844, id=,B24, PRDE,actvstrat=,1.000000, actvprof=,0.962930, id=,B25, JADE,actvstrat=,-0.941403, actvprof=,1.672384, id=,B26, PRDE,actvstrat=,-0.797688, actvprof=,1.316685, id=,B27, PRDE,actvstrat=,-1.000000, actvprof=,2.603925, id=,B28, PRDE,actvstrat=,-0.164542, actvprof=,1.917943, id=,B29, PRDE,actvstrat=,-0.612388, actvprof=,2.119891, id=,S00, JADE,actvstrat=,-0.062014, actvprof=,2.632953, id=,S01, PRDE,actvstrat=,0.704748, actvprof=,3.710607, id=,S02, PRDE,actvstrat=,-1.000000, actvprof=,3.768386, id=,S03, PRDE,actvstrat=,0.054639, actvprof=,2.434339, id=,S04, PRDE,actvstrat=,0.087330, actvprof=,2.136002, id=,S05, JADE,actvstrat=,0.496838, actvprof=,2.399339, id=,S06, JADE,actvstrat=,-0.032979, actvprof=,1.540577, id=,S07, JADE,actvstrat=,-0.209181, actvprof=,0.751955, id=,S08, PRDE,actvstrat=,-0.113607, actvprof=,0.619314, id=,S09, JADE,actvstrat=,0.027948, actvprof=,1.066681, id=,S10, JADE,actvstrat=,0.680666, actvprof=,1.439742, id=,S11, PRDE,actvstrat=,1.000000, actvprof=,1.188211, id=,S12, PRDE,actvstrat=,0.444261, actvprof=,0.742094, id=,S13, JADE,actvstrat=,0.221027, actvprof=,0.493757, id=,S14, JADE,actvstrat=,-0.239660, actvprof=,0.101946, id=,S15, PRDE,actvstrat=,0.177075, actvprof=,0.249587, id=,S16, JADE,actvstrat=,0.017392, actvprof=,0.142224, id=,S17, PRDE,actvstrat=,0.225036, actvprof=,0.128613, id=,S18, JADE,actvstrat=,0.094509, actvprof=,0.095557, id=,S19, JADE,actvstrat=,0.353041, actvprof=,0.069029, id=,S20, PRDE,actvstrat=,0.421174, actvprof=,0.043612, id=,S21, PRDE,actvstrat=,0.405522, actvprof=,0.022917, id=,S22, JADE,actvstrat=,-0.234675, actvprof=,0.000000, id=,S23, PRDE,actvstrat=,-0.488679, actvprof=,0.000278, id=,S24, PRDE,actvstrat=,-0.067420, actvprof=,0.000000, id=,S25, PRDE,actvstrat=,0.981285, actvprof=,0.005278, id=,S26, JADE,actvstrat=,0.471655, actvprof=,0.000000, id=,S27, JADE,actvstrat=,-0.057801, actvprof=,0.000000, id=,S28, PRDE,actvstrat=,0.330689, actvprof=,0.000000, id=,S29, JADE,actvstrat=,-0.705420, actvprof=,0.000000, best_B_id=,B27, best_B_prof=,2.603925, best_B_strat=,-1.000000, best_S_id=,S02, best_S_prof=,3.768386, best_S_strat=,-1.000000, 
t=,61200, id=,B00, PRDE,actvstrat=,-0.922261, actvprof=,0.000000, id=,B01, JADE,actvstrat=,-0.489360, actvprof=,0.000000, id=,B02, PRDE,actvstrat=,-0.051354, actvprof=,0.000000, id=,B03, PRDE,actvstrat=,0.991857, actvprof=,0.000000, id=,B04, JADE,actvstrat=,-0.541267, actvprof=,0.000000, id=,B05, JADE,actvstrat=,0.902095, actvprof=,0.000000, id=,B06, JADE,actvstrat=,-0.902872, actvprof=,0.000000, id=,B07, JADE,actvstrat=,-0.718736, actvprof=,0.000000, id=,B08, PRDE,actvstrat=,0.338714, actvprof=,0.001667, id=,B09, JADE,actvstrat=,0.312823, actvprof=,0.000000, id=,B10, JADE,actvstrat=,-0.830046, actvprof=,0.001111, id=,B11, JADE,actvstrat=,-0.469988, actvprof=,0.000000, id=,B12, JADE,actvstrat=,0.234291, actvprof=,0.010556, id=,B13, JADE,actvstrat=,0.650974, actvprof=,0.065280, id=,B14, JADE,actvstrat=,0.246208, actvprof=,0.035279, id=,B15, JADE,actvstrat=,0.265933, actvprof=,0.096114, id=,B16, PRDE,actvstrat=,1.000000, actvprof=,0.089170, id=,B17, PRDE,actvstrat=,0.590214, actvprof=,0.243063, id=,B18, PRDE,actvstrat=,0.670278, actvprof=,0.438348, id=,B19, PRDE,actvstrat=,0.512285, actvprof=,0.508072, id=,B20, PRDE,actvstrat=,1.000000, actvprof=,0.322510, id=,B21, JADE,actvstrat=,-0.687685, actvprof=,0.531684, id=,B22, JADE,actvstrat=,0.468467, actvprof=,0.938086, id=,B23, PRDE,actvstrat=,-0.689328, actvprof=,0.806971, id=,B24, PRDE,actvstrat=,-0.485353, actvprof=,0.946142, id=,B25, JADE,actvstrat=,0.122068, actvprof=,1.279486, id=,B26, PRDE,actvstrat=,-0.627639, actvprof=,1.349766, id=,B27, PRDE,actvstrat=,-0.643488, actvprof=,1.491715, id=,B28, PRDE,actvstrat=,0.006605, actvprof=,2.012565, id=,B29, PRDE,actvstrat=,-0.612388, actvprof=,2.090346, id=,S00, JADE,actvstrat=,0.158816, actvprof=,3.151213, id=,S01, PRDE,actvstrat=,0.704748, actvprof=,3.844291, id=,S02, PRDE,actvstrat=,-1.000000, actvprof=,3.927072, id=,S03, PRDE,actvstrat=,0.580841, actvprof=,3.062321, id=,S04, PRDE,actvstrat=,-0.606882, actvprof=,1.009199, id=,S05, JADE,actvstrat=,-0.999241, actvprof=,3.153158, id=,S06, JADE,actvstrat=,-0.179466, actvprof=,0.880306, id=,S07, JADE,actvstrat=,-0.351986, actvprof=,0.527239, id=,S08, PRDE,actvstrat=,0.032821, actvprof=,1.245874, id=,S09, JADE,actvstrat=,-0.037971, actvprof=,0.831971, id=,S10, JADE,actvstrat=,0.179202, actvprof=,0.998643, id=,S11, PRDE,actvstrat=,1.000000, actvprof=,1.300042, id=,S12, PRDE,actvstrat=,0.444261, actvprof=,0.698078, id=,S13, JADE,actvstrat=,-0.509076, actvprof=,0.126949, id=,S14, JADE,actvstrat=,-0.700939, actvprof=,0.059724, id=,S15, PRDE,actvstrat=,0.521723, actvprof=,0.284731, id=,S16, JADE,actvstrat=,-0.034666, actvprof=,0.077225, id=,S17, PRDE,actvstrat=,0.845022, actvprof=,0.369456, id=,S18, JADE,actvstrat=,-0.205672, actvprof=,0.011667, id=,S19, JADE,actvstrat=,0.283122, actvprof=,0.035001, id=,S20, PRDE,actvstrat=,-0.461856, actvprof=,0.003056, id=,S21, PRDE,actvstrat=,-0.034171, actvprof=,0.003889, id=,S22, JADE,actvstrat=,0.474038, actvprof=,0.000833, id=,S23, PRDE,actvstrat=,1.000000, actvprof=,0.027779, id=,S24, PRDE,actvstrat=,-0.228830, actvprof=,0.000000, id=,S25, PRDE,actvstrat=,0.687954, actvprof=,0.000000, id=,S26, JADE,actvstrat=,0.178227, actvprof=,0.000000, id=,S27, JADE,actvstrat=,-0.511438, actvprof=,0.000000, id=,S28, PRDE,actvstrat=,-0.425546, actvprof=,0.000000, id=,S29, JADE,actvstrat=,0.437343, actvprof=,0.000000, best_B_id=,B29, best_B_prof=,2.090346, best_B_strat=,-0.612388, best_S_id=,S02, best_S_prof=,3.927072, best_S_strat=,-1.000000, 
t=,64800, id=,B00, PRDE,actvstrat=,-0.922261, actvprof=,0.000000, id=,B01, JADE,actvstrat=,-0.489360, actvprof=,0.000000, id=,B02, PRDE,actvstrat=,-0.051354, actvprof=,0.000000, id=,B03, PRDE,actvstrat=,0.991857, actvprof=,0.000000, id=,B04, JADE,actvstrat=,-0.541267, actvprof=,0.000000, id=,B05, JADE,actvstrat=,0.902095, actvprof=,0.000000, id=,B06, JADE,actvstrat=,-0.902872, actvprof=,0.000000, id=,B07, JADE,actvstrat=,-0.718736, actvprof=,0.000000, id=,B08, PRDE,actvstrat=,0.338714, actvprof=,0.000833, id=,B09, JADE,actvstrat=,0.312823, actvprof=,0.000417, id=,B10, JADE,actvstrat=,-0.830046, actvprof=,0.000556, id=,B11, JADE,actvstrat=,-0.469988, actvprof=,0.000000, id=,B12, JADE,actvstrat=,0.234291, actvprof=,0.008333, id=,B13, JADE,actvstrat=,0.650974, actvprof=,0.057223, id=,B14, JADE,actvstrat=,0.246208, actvprof=,0.044167, id=,B15, JADE,actvstrat=,0.265933, actvprof=,0.092640, id=,B16, PRDE,actvstrat=,1.000000, actvprof=,0.086251, id=,B17, PRDE,actvstrat=,0.590214, actvprof=,0.254032, id=,B18, PRDE,actvstrat=,0.670278, actvprof=,0.438618, id=,B19, PRDE,actvstrat=,0.512285, actvprof=,0.503064, id=,B20, PRDE,actvstrat=,1.000000, actvprof=,0.353895, id=,B21, JADE,actvstrat=,-0.687685, actvprof=,0.453896, id=,B22, JADE,actvstrat=,0.468467, actvprof=,0.947654, id=,B23, PRDE,actvstrat=,-0.689328, actvprof=,0.763623, id=,B24, PRDE,actvstrat=,-0.485353, actvprof=,0.975849, id=,B25, JADE,actvstrat=,0.122068, actvprof=,1.258770, id=,B26, PRDE,actvstrat=,-0.627639, actvprof=,1.300577, id=,B27, PRDE,actvstrat=,-0.643488, actvprof=,1.592387, id=,B28, PRDE,actvstrat=,0.006605, actvprof=,1.996143, id=,B29, PRDE,actvstrat=,-0.612388, actvprof=,2.121423, id=,S00, JADE,actvstrat=,0.158816, actvprof=,3.177968, id=,S01, PRDE,actvstrat=,0.704748, actvprof=,3.787978, id=,S02, PRDE,actvstrat=,-1.000000, actvprof=,3.899647, id=,S03, PRDE,actvstrat=,0.580841, actvprof=,3.060050, id=,S04, PRDE,actvstrat=,-0.606882, actvprof=,1.022933, id=,S05, JADE,actvstrat=,-0.999241, actvprof=,3.157829, id=,S06, JADE,actvstrat=,-0.179466, actvprof=,0.840153, id=,S07, JADE,actvstrat=,-0.351986, actvprof=,0.587232, id=,S08, PRDE,actvstrat=,0.032821, actvprof=,1.169602, id=,S09, JADE,actvstrat=,-0.037971, actvprof=,0.833208, id=,S10, JADE,actvstrat=,0.179202, actvprof=,0.978627, id=,S11, PRDE,actvstrat=,1.000000, actvprof=,1.250298, id=,S12, PRDE,actvstrat=,0.444261, actvprof=,0.714178, id=,S13, JADE,actvstrat=,-0.509076, actvprof=,0.108891, id=,S14, JADE,actvstrat=,-0.700939, actvprof=,0.055418, id=,S15, PRDE,actvstrat=,0.521723, actvprof=,0.319450, id=,S16, JADE,actvstrat=,-0.034666, actvprof=,0.086668, id=,S17, PRDE,actvstrat=,0.845022, actvprof=,0.360423, id=,S18, JADE,actvstrat=,-0.205672, actvprof=,0.013195, id=,S19, JADE,actvstrat=,0.283122, actvprof=,0.035417, id=,S20, PRDE,actvstrat=,-0.461856, actvprof=,0.002639, id=,S21, PRDE,actvstrat=,-0.034171, actvprof=,0.002778, id=,S22, JADE,actvstrat=,0.474038, actvprof=,0.002917, id=,S23, PRDE,actvstrat=,1.000000, actvprof=,0.026112, id=,S24, PRDE,actvstrat=,-0.228830, actvprof=,0.000000, id=,S25, PRDE,actvstrat=,0.687954, actvprof=,0.000000, id=,S26, JADE,actvstrat=,0.178227, actvprof=,0.000000, id=,S27, JADE,actvstrat=,-0.511438, actvprof=,0.000000, id=,S28, PRDE,actvstrat=,-0.425546, actvprof=,0.000000, id=,S29, JADE,actvstrat=,0.437343, actvprof=,0.000000, best_B_id=,B29, best_B_prof=,2.121423, best_B_strat=,-0.612388, best_S_id=,S02, best_S_prof=,3.899647, best_S_strat=,-1.000000, 
t=,68400, id=,B00, PRDE,actvstrat=,-0.001625, actvprof=,0.000000, id=,B01, JADE,actvstrat=,0.027570, actvprof=,0.000000, id=,B02, PRDE,actvstrat=,0.145224, actvprof=,0.000000, id=,B03, PRDE,actvstrat=,-0.020301, actvprof=,0.000000, id=,B04, JADE,actvstrat=,-1.000000, actvprof=,0.000000, id=,B05, JADE,actvstrat=,-0.371026, actvprof=,0.000000, id=,B06, JADE,actvstrat=,-1.000000, actvprof=,0.001111, id=,B07, JADE,actvstrat=,0.205965, actvprof=,0.000000, id=,B08, PRDE,actvstrat=,-0.732384, actvprof=,0.000000, id=,B09, JADE,actvstrat=,1.000000, actvprof=,0.005278, id=,B10, JADE,actvstrat=,-0.293300, actvprof=,0.000833, id=,B11, JADE,actvstrat=,-0.680079, actvprof=,0.004445, id=,B12, JADE,actvstrat=,-0.204170, actvprof=,0.016112, id=,B13, JADE,actvstrat=,0.034101, actvprof=,0.052224, id=,B14, JADE,actvstrat=,-0.158255, actvprof=,0.086669, id=,B15, JADE,actvstrat=,0.278562, actvprof=,0.189728, id=,B16, PRDE,actvstrat=,-1.000000, actvprof=,0.331677, id=,B17, PRDE,actvstrat=,-1.000000, actvprof=,0.416680, id=,B18, PRDE,actvstrat=,1.000000, actvprof=,0.255008, id=,B19, PRDE,actvstrat=,0.060146, actvprof=,0.541962, id=,B20, PRDE,actvstrat=,-0.069703, actvprof=,0.558074, id=,B21, JADE,actvstrat=,-0.792925, actvprof=,0.773081, id=,B22, JADE,actvstrat=,0.662251, actvprof=,1.156982, id=,B23, PRDE,actvstrat=,0.923822, actvprof=,0.911696, id=,B24, PRDE,actvstrat=,1.000000, actvprof=,0.856139, id=,B25, JADE,actvstrat=,0.113098, actvprof=,1.313654, id=,B26, PRDE,actvstrat=,-0.712664, actvprof=,1.480048, id=,B27, PRDE,actvstrat=,-0.001742, actvprof=,1.762557, id=,B28, PRDE,actvstrat=,0.380876, actvprof=,2.186460, id=,B29, PRDE,actvstrat=,-0.068049, actvprof=,2.371466, id=,S00, JADE,actvstrat=,0.016220, actvprof=,2.927595, id=,S01, PRDE,actvstrat=,0.687245, actvprof=,3.784567, id=,S02, PRDE,actvstrat=,-0.585835, actvprof=,1.446991, id=,S03, PRDE,actvstrat=,1.000000, actvprof=,3.078711, id=,S04, PRDE,actvstrat=,-0.394625, actvprof=,1.125592, id=,S05, JADE,actvstrat=,0.320956, actvprof=,2.225072, id=,S06, JADE,actvstrat=,0.473898, actvprof=,2.065067, id=,S07, JADE,actvstrat=,-0.351986, actvprof=,0.807526, id=,S08, PRDE,actvstrat=,-1.000000, actvprof=,2.657864, id=,S09, JADE,actvstrat=,0.600790, actvprof=,1.630331, id=,S10, JADE,actvstrat=,0.487352, actvprof=,1.340877, id=,S11, PRDE,actvstrat=,1.000000, actvprof=,1.121425, id=,S12, PRDE,actvstrat=,1.000000, actvprof=,0.972532, id=,S13, JADE,actvstrat=,0.031566, actvprof=,0.489183, id=,S14, JADE,actvstrat=,-0.263901, actvprof=,0.131393, id=,S15, PRDE,actvstrat=,0.661459, actvprof=,0.585297, id=,S16, JADE,actvstrat=,-0.514325, actvprof=,0.064169, id=,S17, PRDE,actvstrat=,-0.882703, actvprof=,0.000000, id=,S18, JADE,actvstrat=,-0.062576, actvprof=,0.034446, id=,S19, JADE,actvstrat=,0.283122, actvprof=,0.070280, id=,S20, PRDE,actvstrat=,-0.861377, actvprof=,0.002222, id=,S21, PRDE,actvstrat=,0.390522, actvprof=,0.024167, id=,S22, JADE,actvstrat=,0.277545, actvprof=,0.008334, id=,S23, PRDE,actvstrat=,-1.000000, actvprof=,0.021945, id=,S24, PRDE,actvstrat=,1.000000, actvprof=,0.010278, id=,S25, PRDE,actvstrat=,1.000000, actvprof=,0.001945, id=,S26, JADE,actvstrat=,0.545520, actvprof=,0.000000, id=,S27, JADE,actvstrat=,-0.108471, actvprof=,0.000000, id=,S28, PRDE,actvstrat=,0.573108, actvprof=,0.000000, id=,S29, JADE,actvstrat=,0.769094, actvprof=,0.000000, best_B_id=,B29, best_B_prof=,2.371466, best_B_strat=,-0.068049, best_S_id=,S01, best_S_prof=,3.784567, best_S_strat=,0.687245, 
